population_group_id,population_group_name,measure_id,measure_name,location_id,location_name,sex_id,sex_name,age_id,age_name,cause_id,cause_name,metric_id,metric_name,year,val,upper,lower
1,All Population,1,Deaths,71,Australia,3,Both,22,All ages,294,All causes,1,Number,2023,182180.09548927436,183307.47053452863,181081.86934508034
1,All Population,1,Deaths,71,Australia,3,Both,22,All ages,294,All causes,2,Percent,2023,1.0,1.0,1.0
1,All Population,1,Deaths,71,Australia,3,Both,22,All ages,294,All causes,3,Rate,2023,675.9949463626017,680.1781686361458,671.9198835987762
1,All Population,1,Deaths,88,Malta,3,Both,22,All ages,294,All causes,1,Number,2023,4079.1920649069257,4267.139305605026,3923.3694121533767
1,All Population,1,Deaths,88,Malta,3,Both,22,All ages,294,All causes,2,Percent,2023,1.0,1.0,1.0
1,All Population,1,Deaths,88,Malta,3,Both,22,All ages,294,All causes,3,Rate,2023,732.6106496843163,766.3654099219544,704.6253690079293
1,All Population,1,Deaths,105,Antigua and Barbuda,3,Both,22,All ages,294,All causes,1,Number,2023,619.3862724655323,661.3774478182759,586.4949620490618
1,All Population,1,Deaths,105,Antigua and Barbuda,3,Both,22,All ages,294,All causes,2,Percent,2023,1.0,1.0,1.0
1,All Population,1,Deaths,105,Antigua and Barbuda,3,Both,22,All ages,294,All causes,3,Rate,2023,681.98707113361,728.2222558080806,645.7714663424609
1,All Population,1,Deaths,89,Netherlands,3,Both,22,All ages,294,All causes,1,Number,2023,169797.4507601617,171104.4946109162,168575.99605128946
1,All Population,1,Deaths,89,Netherlands,3,Both,22,All ages,294,All causes,2,Percent,2023,1.0,1.0,1.0
1,All Population,1,Deaths,89,Netherlands,3,Both,22,All ages,294,All causes,3,Rate,2023,954.7776708610111,962.1272292786996,947.9093835176002
1,All Population,1,Deaths,6,China,3,Both,22,All ages,294,All causes,1,Number,2023,10660792.091490211,11580407.623619618,9796217.508271005
1,All Population,1,Deaths,6,China,3,Both,22,All ages,294,All causes,2,Percent,2023,1.0,1.0,1.0
1,All Population,1,Deaths,6,China,3,Both,22,All ages,294,All causes,3,Rate,2023,745.1737830254323,809.4535644079831,684.7412835116897
1,All Population,1,Deaths,106,Bahamas,3,Both,22,All ages,294,All causes,1,Number,2023,3134.7792866983386,3248.6786900936804,3021.9982513177565
1,All Population,1,Deaths,106,Bahamas,3,Both,22,All ages,294,All causes,2,Percent,2023,1.0,1.0,1.0
1,All Population,1,Deaths,106,Bahamas,3,Both,22,All ages,294,All causes,3,Rate,2023,759.2968331621521,786.8852049062533,731.9793491630098
1,All Population,1,Deaths,38,Mongolia,3,Both,22,All ages,294,All causes,1,Number,2023,18501.397865476178,19345.259668272527,17543.20681699556
1,All Population,1,Deaths,38,Mongolia,3,Both,22,All ages,294,All causes,2,Percent,2023,1.0,1.0,1.0
1,All Population,1,Deaths,38,Mongolia,3,Both,22,All ages,294,All causes,3,Rate,2023,534.3706133997774,558.7436338852391,506.6954538224455
1,All Population,1,Deaths,43,Albania,3,Both,22,All ages,294,All causes,1,Number,2023,21012.736035315804,22162.60661949117,19981.941609597743
1,All Population,1,Deaths,43,Albania,3,Both,22,All ages,294,All causes,2,Percent,2023,1.0,1.0,1.0
1,All Population,1,Deaths,43,Albania,3,Both,22,All ages,294,All causes,3,Rate,2023,866.4986528081694,913.915672201413,823.9919568831016
1,All Population,1,Deaths,7,Democratic People's Republic of Korea,3,Both,22,All ages,294,All causes,1,Number,2023,229447.6885881413,250375.36218832782,210621.20480378295
1,All Population,1,Deaths,7,Democratic People's Republic of Korea,3,Both,22,All ages,294,All causes,2,Percent,2023,1.0,1.0,1.0
1,All Population,1,Deaths,7,Democratic People's Republic of Korea,3,Both,22,All ages,294,All causes,3,Rate,2023,868.7707160655972,948.0103462013219,797.4869393626071
1,All Population,1,Deaths,122,Ecuador,3,Both,22,All ages,294,All causes,1,Number,2023,101455.75138363826,103053.65185883465,100066.9265317209
1,All Population,1,Deaths,122,Ecuador,3,Both,22,All ages,294,All causes,2,Percent,2023,1.0,1.0,1.0
1,All Population,1,Deaths,122,Ecuador,3,Both,22,All ages,294,All causes,3,Rate,2023,571.3638082488354,580.3626327438466,563.5424255715585
1,All Population,1,Deaths,139,Algeria,3,Both,22,All ages,294,All causes,1,Number,2023,232498.24684180148,239201.27179873904,225740.83436031168
1,All Population,1,Deaths,139,Algeria,3,Both,22,All ages,294,All causes,2,Percent,2023,1.0,1.0,1.0
1,All Population,1,Deaths,139,Algeria,3,Both,22,All ages,294,All causes,3,Rate,2023,522.6764988904783,537.7454882874245,507.48524155688176
1,All Population,1,Deaths,23,Kiribati,3,Both,22,All ages,294,All causes,1,Number,2023,689.9767830143644,710.2315066928719,667.8781619283543
1,All Population,1,Deaths,23,Kiribati,3,Both,22,All ages,294,All causes,2,Percent,2023,1.0,1.0,1.0
1,All Population,1,Deaths,23,Kiribati,3,Both,22,All ages,294,All causes,3,Rate,2023,539.7436305913114,555.5881609639135,522.4566866394937
1,All Population,1,Deaths,156,United Arab Emirates,3,Both,22,All ages,294,All causes,1,Number,2023,14215.70173447204,15182.453641068634,13330.935190939244
1,All Population,1,Deaths,156,United Arab Emirates,3,Both,22,All ages,294,All causes,2,Percent,2023,1.0,1.0,1.0
1,All Population,1,Deaths,156,United Arab Emirates,3,Both,22,All ages,294,All causes,3,Rate,2023,140.31840957073308,149.86089241941013,131.58517666047416
1,All Population,1,Deaths,24,Marshall Islands,3,Both,22,All ages,294,All causes,1,Number,2023,363.0557414025109,376.1498118541233,348.96055509642423
1,All Population,1,Deaths,24,Marshall Islands,3,Both,22,All ages,294,All causes,2,Percent,2023,1.0,1.0,1.0
1,All Population,1,Deaths,24,Marshall Islands,3,Both,22,All ages,294,All causes,3,Rate,2023,871.111635094212,902.5293922603133,837.2918124338678
1,All Population,1,Deaths,8,Taiwan,3,Both,22,All ages,294,All causes,1,Number,2023,205364.25884058393,207562.39186684086,203172.82825497576
1,All Population,1,Deaths,8,Taiwan,3,Both,22,All ages,294,All causes,2,Percent,2023,1.0,1.0,1.0
1,All Population,1,Deaths,8,Taiwan,3,Both,22,All ages,294,All causes,3,Rate,2023,884.5713431235846,894.0394243485154,875.1321315128713
1,All Population,1,Deaths,10,Cambodia,3,Both,22,All ages,294,All causes,1,Number,2023,102040.74484210383,108567.22710267054,95253.40243752366
1,All Population,1,Deaths,10,Cambodia,3,Both,22,All ages,294,All causes,2,Percent,2023,1.0,1.0,1.0
1,All Population,1,Deaths,10,Cambodia,3,Both,22,All ages,294,All causes,3,Rate,2023,593.5497455718115,631.5129326421581,554.0691894118073
1,All Population,1,Deaths,41,Uzbekistan,3,Both,22,All ages,294,All causes,1,Number,2023,205121.17429509267,208942.02679233454,201271.37844075734
1,All Population,1,Deaths,41,Uzbekistan,3,Both,22,All ages,294,All causes,2,Percent,2023,1.0,1.0,1.0
1,All Population,1,Deaths,41,Uzbekistan,3,Both,22,All ages,294,All causes,3,Rate,2023,580.3640579606841,591.1746701161043,569.4715542880605
1,All Population,1,Deaths,25,Micronesia (Federated States of),3,Both,22,All ages,294,All causes,1,Number,2023,857.6781470072226,890.7574009770095,824.4328457353299
1,All Population,1,Deaths,25,Micronesia (Federated States of),3,Both,22,All ages,294,All causes,2,Percent,2023,1.0,1.0,1.0
1,All Population,1,Deaths,25,Micronesia (Federated States of),3,Both,22,All ages,294,All causes,3,Rate,2023,829.1312310388141,861.1094767962913,796.9924646892165
1,All Population,1,Deaths,140,Bahrain,3,Both,22,All ages,294,All causes,1,Number,2023,4706.6263789149925,5105.0032206214355,4362.492601748816
1,All Population,1,Deaths,140,Bahrain,3,Both,22,All ages,294,All causes,2,Percent,2023,1.0,1.0,1.0
1,All Population,1,Deaths,140,Bahrain,3,Both,22,All ages,294,All causes,3,Rate,2023,300.5232261477566,325.96002185954484,278.5499092506049
1,All Population,1,Deaths,44,Bosnia and Herzegovina,3,Both,22,All ages,294,All causes,1,Number,2023,37759.45079144801,39912.75299303784,35870.41902305869
1,All Population,1,Deaths,44,Bosnia and Herzegovina,3,Both,22,All ages,294,All causes,2,Percent,2023,1.0,1.0,1.0
1,All Population,1,Deaths,44,Bosnia and Herzegovina,3,Both,22,All ages,294,All causes,3,Rate,2023,1182.9526813812038,1250.4127360113318,1123.7718631014907
1,All Population,1,Deaths,26,Papua New Guinea,3,Both,22,All ages,294,All causes,1,Number,2023,70858.57250301675,75062.33642138037,67085.56305634722
1,All Population,1,Deaths,26,Papua New Guinea,3,Both,22,All ages,294,All causes,2,Percent,2023,1.0,1.0,1.0
1,All Population,1,Deaths,26,Papua New Guinea,3,Both,22,All ages,294,All causes,3,Rate,2023,637.983039931042,675.8320960022157,604.0123296634548
1,All Population,1,Deaths,61,Republic of Moldova,3,Both,22,All ages,294,All causes,1,Number,2023,38281.29955150348,40014.92151357015,36302.571913965796
1,All Population,1,Deaths,61,Republic of Moldova,3,Both,22,All ages,294,All causes,2,Percent,2023,1.0,1.0,1.0
1,All Population,1,Deaths,61,Republic of Moldova,3,Both,22,All ages,294,All causes,3,Rate,2023,1060.8132551100343,1108.853660693338,1005.9807251085778
1,All Population,1,Deaths,55,Slovenia,3,Both,22,All ages,294,All causes,1,Number,2023,21607.73750114117,22039.061098502098,21142.337043886095
1,All Population,1,Deaths,55,Slovenia,3,Both,22,All ages,294,All causes,2,Percent,2023,1.0,1.0,1.0
1,All Population,1,Deaths,55,Slovenia,3,Both,22,All ages,294,All causes,3,Rate,2023,1020.9718410430097,1041.352005660412,998.9815349482194
1,All Population,1,Deaths,157,Yemen,3,Both,22,All ages,294,All causes,1,Number,2023,148295.9749751649,158572.17055075246,139797.6285376979
1,All Population,1,Deaths,157,Yemen,3,Both,22,All ages,294,All causes,2,Percent,2023,1.0,1.0,1.0
1,All Population,1,Deaths,157,Yemen,3,Both,22,All ages,294,All causes,3,Rate,2023,417.1457643140958,446.05195315932554,393.240535459052
1,All Population,1,Deaths,175,Burundi,3,Both,22,All ages,294,All causes,1,Number,2023,114127.14697879917,117885.08478938464,109790.04301784177
1,All Population,1,Deaths,175,Burundi,3,Both,22,All ages,294,All causes,2,Percent,2023,1.0,1.0,1.0
1,All Population,1,Deaths,175,Burundi,3,Both,22,All ages,294,All causes,3,Rate,2023,799.5039143620558,825.8296928383234,769.1208575208582
1,All Population,1,Deaths,72,New Zealand,3,Both,22,All ages,294,All causes,1,Number,2023,38783.28725864347,39333.49702825951,38198.241068364674
1,All Population,1,Deaths,72,New Zealand,3,Both,22,All ages,294,All causes,2,Percent,2023,1.0,1.0,1.0
1,All Population,1,Deaths,72,New Zealand,3,Both,22,All ages,294,All causes,3,Rate,2023,757.6178524967801,768.3660064967055,746.189181292751
1,All Population,1,Deaths,27,Samoa,3,Both,22,All ages,294,All causes,1,Number,2023,1392.8779329358704,1444.6227825119456,1345.421375229028
1,All Population,1,Deaths,27,Samoa,3,Both,22,All ages,294,All causes,2,Percent,2023,1.0,1.0,1.0
1,All Population,1,Deaths,27,Samoa,3,Both,22,All ages,294,All causes,3,Rate,2023,635.3973747238421,659.0021291669095,613.7488357762829
1,All Population,1,Deaths,62,Russian Federation,3,Both,22,All ages,294,All causes,1,Number,2023,1796223.049749397,1827127.8140722823,1775998.9980276953
1,All Population,1,Deaths,62,Russian Federation,3,Both,22,All ages,294,All causes,2,Percent,2023,1.0,1.0,1.0
1,All Population,1,Deaths,62,Russian Federation,3,Both,22,All ages,294,All causes,3,Rate,2023,1208.458684650001,1229.250718717408,1194.8523950829497
1,All Population,1,Deaths,11,Indonesia,3,Both,22,All ages,294,All causes,1,Number,2023,1875891.4527532398,2014128.2472029012,1751063.430123855
1,All Population,1,Deaths,11,Indonesia,3,Both,22,All ages,294,All causes,2,Percent,2023,1.0,1.0,1.0
1,All Population,1,Deaths,11,Indonesia,3,Both,22,All ages,294,All causes,3,Rate,2023,652.5586665095263,700.6465332761373,609.13525420574
1,All Population,1,Deaths,160,Afghanistan,3,Both,22,All ages,294,All causes,1,Number,2023,178126.76615184848,189089.13225746716,168645.47475311722
1,All Population,1,Deaths,160,Afghanistan,3,Both,22,All ages,294,All causes,2,Percent,2023,1.0,1.0,1.0
1,All Population,1,Deaths,160,Afghanistan,3,Both,22,All ages,294,All causes,3,Rate,2023,491.4936660836482,521.7414139241303,465.3325518982748
1,All Population,1,Deaths,90,Norway,3,Both,22,All ages,294,All causes,1,Number,2023,43495.474716237324,44040.22671889791,42941.5992436754
1,All Population,1,Deaths,90,Norway,3,Both,22,All ages,294,All causes,2,Percent,2023,1.0,1.0,1.0
1,All Population,1,Deaths,90,Norway,3,Both,22,All ages,294,All causes,3,Rate,2023,795.0214161050685,804.9785325960776,784.8975384967703
1,All Population,1,Deaths,207,Ghana,3,Both,22,All ages,294,All causes,1,Number,2023,239478.16220586124,251499.65415371623,228350.25192849358
1,All Population,1,Deaths,207,Ghana,3,Both,22,All ages,294,All causes,2,Percent,2023,1.0,1.0,1.0
1,All Population,1,Deaths,207,Ghana,3,Both,22,All ages,294,All causes,3,Rate,2023,719.9273416486532,756.0667568711167,686.4742418323817
1,All Population,1,Deaths,141,Egypt,3,Both,22,All ages,294,All causes,1,Number,2023,681272.8926463579,734777.456055524,628307.8829961641
1,All Population,1,Deaths,141,Egypt,3,Both,22,All ages,294,All causes,2,Percent,2023,1.0,1.0,1.0
1,All Population,1,Deaths,141,Egypt,3,Both,22,All ages,294,All causes,3,Rate,2023,620.5697715712599,669.3069443712376,572.3240769389446
1,All Population,1,Deaths,91,Portugal,3,Both,22,All ages,294,All causes,1,Number,2023,119701.0424751051,120922.55552969672,118573.38747799298
1,All Population,1,Deaths,91,Portugal,3,Both,22,All ages,294,All causes,2,Percent,2023,1.0,1.0,1.0
1,All Population,1,Deaths,91,Portugal,3,Both,22,All ages,294,All causes,3,Rate,2023,1135.9149594347314,1147.5066291743165,1125.2139650756606
1,All Population,1,Deaths,142,Iran (Islamic Republic of),3,Both,22,All ages,294,All causes,1,Number,2023,365322.0818664708,378197.79354085063,352372.41976261686
1,All Population,1,Deaths,142,Iran (Islamic Republic of),3,Both,22,All ages,294,All causes,2,Percent,2023,1.0,1.0,1.0
1,All Population,1,Deaths,142,Iran (Islamic Republic of),3,Both,22,All ages,294,All causes,3,Rate,2023,415.4913568999508,430.13527573263707,400.7633321075901
1,All Population,1,Deaths,123,Peru,3,Both,22,All ages,294,All causes,1,Number,2023,211466.88865793208,215963.72491392086,206641.96925178412
1,All Population,1,Deaths,123,Peru,3,Both,22,All ages,294,All causes,2,Percent,2023,1.0,1.0,1.0
1,All Population,1,Deaths,123,Peru,3,Both,22,All ages,294,All causes,3,Rate,2023,585.3579310865608,597.8055477510246,572.0021529826392
1,All Population,1,Deaths,212,Mauritania,3,Both,22,All ages,294,All causes,1,Number,2023,28054.968420528578,29359.12941607022,26759.00311374603
1,All Population,1,Deaths,212,Mauritania,3,Both,22,All ages,294,All causes,2,Percent,2023,1.0,1.0,1.0
1,All Population,1,Deaths,212,Mauritania,3,Both,22,All ages,294,All causes,3,Rate,2023,610.1185509214564,638.4804725904153,581.9348629854514
1,All Population,1,Deaths,125,Colombia,3,Both,22,All ages,294,All causes,1,Number,2023,267396.85526768345,270212.8786426351,264081.9522362052
1,All Population,1,Deaths,125,Colombia,3,Both,22,All ages,294,All causes,2,Percent,2023,1.0,1.0,1.0
1,All Population,1,Deaths,125,Colombia,3,Both,22,All ages,294,All causes,3,Rate,2023,513.0738510107303,518.4771604702842,506.7133047642721
1,All Population,1,Deaths,176,Comoros,3,Both,22,All ages,294,All causes,1,Number,2023,4339.656847207486,4527.343178105839,4160.009318858186
1,All Population,1,Deaths,195,Namibia,3,Both,22,All ages,294,All causes,1,Number,2023,21522.09136490504,22087.60075697502,20957.027329953176
1,All Population,1,Deaths,195,Namibia,3,Both,22,All ages,294,All causes,2,Percent,2023,1.0,1.0,1.0
1,All Population,1,Deaths,195,Namibia,3,Both,22,All ages,294,All causes,3,Rate,2023,714.7446723353935,733.5251346187539,695.9790002795273
1,All Population,1,Deaths,97,Argentina,3,Both,22,All ages,294,All causes,1,Number,2023,373270.251694376,383443.0451725073,363717.5565302323
1,All Population,1,Deaths,97,Argentina,3,Both,22,All ages,294,All causes,2,Percent,2023,1.0,1.0,1.0
1,All Population,1,Deaths,97,Argentina,3,Both,22,All ages,294,All causes,3,Rate,2023,786.1304774319902,807.555016241283,766.0119044247336
1,All Population,1,Deaths,196,South Africa,3,Both,22,All ages,294,All causes,1,Number,2023,571623.8558580363,580799.0645216078,563382.9221952534
1,All Population,1,Deaths,196,South Africa,3,Both,22,All ages,294,All causes,2,Percent,2023,1.0,1.0,1.0
1,All Population,1,Deaths,196,South Africa,3,Both,22,All ages,294,All causes,3,Rate,2023,892.2505338181792,906.5721628825866,879.3872192723915
1,All Population,1,Deaths,107,Barbados,3,Both,22,All ages,294,All causes,1,Number,2023,3257.728533410429,3385.888683442012,3124.61966429406
1,All Population,1,Deaths,107,Barbados,3,Both,22,All ages,294,All causes,2,Percent,2023,1.0,1.0,1.0
1,All Population,1,Deaths,107,Barbados,3,Both,22,All ages,294,All causes,3,Rate,2023,1082.3166073201462,1124.895311270844,1038.093788215133
1,All Population,1,Deaths,374,Niue,3,Both,22,All ages,294,All causes,1,Number,2023,18.884039410864407,19.701930362596006,18.10987238626435
1,All Population,1,Deaths,374,Niue,3,Both,22,All ages,294,All causes,2,Percent,2023,1.0,1.0,1.0
1,All Population,1,Deaths,374,Niue,3,Both,22,All ages,294,All causes,3,Rate,2023,1123.5569824054146,1172.2196159485095,1077.495822125428
1,All Population,1,Deaths,108,Belize,3,Both,22,All ages,294,All causes,1,Number,2023,2022.4095379234502,2097.0914937254247,1935.1737675501547
1,All Population,1,Deaths,108,Belize,3,Both,22,All ages,294,All causes,2,Percent,2023,1.0,1.0,1.0
1,All Population,1,Deaths,108,Belize,3,Both,22,All ages,294,All causes,3,Rate,2023,488.93931348430124,506.9944815967768,467.8491253311201
1,All Population,1,Deaths,59,Latvia,3,Both,22,All ages,294,All causes,1,Number,2023,27878.122393690654,28444.29885683875,27279.600522159828
1,All Population,1,Deaths,59,Latvia,3,Both,22,All ages,294,All causes,2,Percent,2023,1.0,1.0,1.0
1,All Population,1,Deaths,59,Latvia,3,Both,22,All ages,294,All causes,3,Rate,2023,1471.8354072259956,1501.7268953768605,1440.2362317120235
1,All Population,1,Deaths,176,Comoros,3,Both,22,All ages,294,All causes,2,Percent,2023,1.0,1.0,1.0
1,All Population,1,Deaths,176,Comoros,3,Both,22,All ages,294,All causes,3,Rate,2023,491.87488465961314,513.148039568674,471.512881303735
1,All Population,1,Deaths,114,Haiti,3,Both,22,All ages,294,All causes,1,Number,2023,126186.52203998636,132224.4304114201,120460.99617710165
1,All Population,1,Deaths,114,Haiti,3,Both,22,All ages,294,All causes,2,Percent,2023,1.0,1.0,1.0
1,All Population,1,Deaths,114,Haiti,3,Both,22,All ages,294,All causes,3,Rate,2023,935.2863781836797,980.0389663462545,892.8491490650458
1,All Population,1,Deaths,213,Niger,3,Both,22,All ages,294,All causes,1,Number,2023,272519.48984552413,281106.91483661055,263331.23222193617
1,All Population,1,Deaths,213,Niger,3,Both,22,All ages,294,All causes,2,Percent,2023,1.0,1.0,1.0
1,All Population,1,Deaths,213,Niger,3,Both,22,All ages,294,All causes,3,Rate,2023,1022.9725419296459,1055.20766748614,988.4820353518086
1,All Population,1,Deaths,115,Jamaica,3,Both,22,All ages,294,All causes,1,Number,2023,20243.335152639254,21653.616670873074,18986.098565978224
1,All Population,1,Deaths,115,Jamaica,3,Both,22,All ages,294,All causes,2,Percent,2023,1.0,1.0,1.0
1,All Population,1,Deaths,115,Jamaica,3,Both,22,All ages,294,All causes,3,Rate,2023,711.2028622325878,760.7498486732509,667.0327562596956
1,All Population,1,Deaths,214,Nigeria,3,Both,22,All ages,294,All causes,1,Number,2023,1782525.4024964406,1839136.768796373,1725751.8090505416
1,All Population,1,Deaths,214,Nigeria,3,Both,22,All ages,294,All causes,2,Percent,2023,1.0,1.0,1.0
1,All Population,1,Deaths,214,Nigeria,3,Both,22,All ages,294,All causes,3,Rate,2023,728.0564705666791,751.1788740312029,704.8678068832777
1,All Population,1,Deaths,17,Sri Lanka,3,Both,22,All ages,294,All causes,1,Number,2023,181510.1866845473,184917.53619025607,178188.69925744622
1,All Population,1,Deaths,17,Sri Lanka,3,Both,22,All ages,294,All causes,2,Percent,2023,1.0,1.0,1.0
1,All Population,1,Deaths,17,Sri Lanka,3,Both,22,All ages,294,All causes,3,Rate,2023,801.1897213889325,816.2298326411899,786.5286071290438
1,All Population,1,Deaths,39,Tajikistan,3,Both,22,All ages,294,All causes,1,Number,2023,50262.505274224415,53473.16917734337,47296.02291696505
1,All Population,1,Deaths,39,Tajikistan,3,Both,22,All ages,294,All causes,2,Percent,2023,1.0,1.0,1.0
1,All Population,1,Deaths,39,Tajikistan,3,Both,22,All ages,294,All causes,3,Rate,2023,470.3462044621241,500.3909380542232,442.5864716408412
1,All Population,1,Deaths,112,Grenada,3,Both,22,All ages,294,All causes,1,Number,2023,1011.587532041974,1090.784338597396,936.6590995595235
1,All Population,1,Deaths,112,Grenada,3,Both,22,All ages,294,All causes,2,Percent,2023,1.0,1.0,1.0
1,All Population,1,Deaths,112,Grenada,3,Both,22,All ages,294,All causes,3,Rate,2023,887.2643843733522,956.7279785626641,821.5445851342251
1,All Population,1,Deaths,155,Türkiye,3,Both,22,All ages,294,All causes,1,Number,2023,594514.9050125533,642350.5321853234,555491.2668629211
1,All Population,1,Deaths,155,Türkiye,3,Both,22,All ages,294,All causes,2,Percent,2023,1.0,1.0,1.0
1,All Population,1,Deaths,155,Türkiye,3,Both,22,All ages,294,All causes,3,Rate,2023,692.3790485622819,748.0889824092116,646.9316607412645
1,All Population,1,Deaths,60,Lithuania,3,Both,22,All ages,294,All causes,1,Number,2023,38670.19954085577,39367.950266915606,37998.59796050496
1,All Population,1,Deaths,60,Lithuania,3,Both,22,All ages,294,All causes,2,Percent,2023,1.0,1.0,1.0
1,All Population,1,Deaths,60,Lithuania,3,Both,22,All ages,294,All causes,3,Rate,2023,1362.068853201853,1386.645517986346,1338.413231942632
1,All Population,1,Deaths,76,Belgium,3,Both,22,All ages,294,All causes,1,Number,2023,111715.83178158215,112701.39500025495,110606.67662435256
1,All Population,1,Deaths,76,Belgium,3,Both,22,All ages,294,All causes,2,Percent,2023,1.0,1.0,1.0
1,All Population,1,Deaths,76,Belgium,3,Both,22,All ages,294,All causes,3,Rate,2023,962.1476231227806,970.6357424265619,952.5950737554778
1,All Population,1,Deaths,177,Djibouti,3,Both,22,All ages,294,All causes,1,Number,2023,8476.430790935156,8933.263562150953,8094.663121316635
1,All Population,1,Deaths,177,Djibouti,3,Both,22,All ages,294,All causes,2,Percent,2023,1.0,1.0,1.0
1,All Population,1,Deaths,177,Djibouti,3,Both,22,All ages,294,All causes,3,Rate,2023,610.0128933562213,642.8892168256832,582.5386879414962
1,All Population,1,Deaths,15,Myanmar,3,Both,22,All ages,294,All causes,1,Number,2023,568259.3224532485,605951.8124340426,533285.840956292
1,All Population,1,Deaths,15,Myanmar,3,Both,22,All ages,294,All causes,2,Percent,2023,1.0,1.0,1.0
1,All Population,1,Deaths,15,Myanmar,3,Both,22,All ages,294,All causes,3,Rate,2023,988.0771747943952,1053.616071455881,927.2660320206141
1,All Population,1,Deaths,77,Cyprus,3,Both,22,All ages,294,All causes,1,Number,2023,10109.004224641763,10859.328399054886,9296.364278953137
1,All Population,1,Deaths,77,Cyprus,3,Both,22,All ages,294,All causes,2,Percent,2023,1.0,1.0,1.0
1,All Population,1,Deaths,77,Cyprus,3,Both,22,All ages,294,All causes,3,Rate,2023,738.9440267094197,793.7909289816272,679.5419906247673
1,All Population,1,Deaths,130,Mexico,3,Both,22,All ages,294,All causes,1,Number,2023,796630.3445985223,801423.524012084,790883.3921449474
1,All Population,1,Deaths,130,Mexico,3,Both,22,All ages,294,All causes,2,Percent,2023,1.0,1.0,1.0
1,All Population,1,Deaths,130,Mexico,3,Both,22,All ages,294,All causes,3,Rate,2023,603.8913106867179,607.5248145044408,599.5347924180189
1,All Population,1,Deaths,193,Botswana,3,Both,22,All ages,294,All causes,1,Number,2023,17078.971608956308,17510.785242681253,16622.264715891084
1,All Population,1,Deaths,193,Botswana,3,Both,22,All ages,294,All causes,2,Percent,2023,1.0,1.0,1.0
1,All Population,1,Deaths,193,Botswana,3,Both,22,All ages,294,All causes,3,Rate,2023,698.5481902496384,716.2098293266358,679.8683902634405
1,All Population,1,Deaths,78,Denmark,3,Both,22,All ages,294,All causes,1,Number,2023,58582.068026063374,59289.90563089674,57887.96157271241
1,All Population,1,Deaths,78,Denmark,3,Both,22,All ages,294,All causes,2,Percent,2023,1.0,1.0,1.0
1,All Population,1,Deaths,78,Denmark,3,Both,22,All ages,294,All causes,3,Rate,2023,991.3867195134156,1003.3654840850564,979.6403277767072
1,All Population,1,Deaths,113,Guyana,3,Both,22,All ages,294,All causes,1,Number,2023,6781.55253990872,7258.268410127002,6366.6180666919745
1,All Population,1,Deaths,113,Guyana,3,Both,22,All ages,294,All causes,2,Percent,2023,1.0,1.0,1.0
1,All Population,1,Deaths,113,Guyana,3,Both,22,All ages,294,All causes,3,Rate,2023,830.8140376730757,889.216923240666,779.9800460414793
1,All Population,1,Deaths,172,Equatorial Guinea,3,Both,22,All ages,294,All causes,1,Number,2023,11615.391736909853,12229.316277685135,10938.99591713427
1,All Population,1,Deaths,172,Equatorial Guinea,3,Both,22,All ages,294,All causes,2,Percent,2023,1.0,1.0,1.0
1,All Population,1,Deaths,172,Equatorial Guinea,3,Both,22,All ages,294,All causes,3,Rate,2023,714.1865265016453,751.934425603244,672.5975046238285
1,All Population,1,Deaths,210,Liberia,3,Both,22,All ages,294,All causes,1,Number,2023,48257.14412396713,50008.58351149831,46245.94199982989
1,All Population,1,Deaths,210,Liberia,3,Both,22,All ages,294,All causes,2,Percent,2023,1.0,1.0,1.0
1,All Population,1,Deaths,210,Liberia,3,Both,22,All ages,294,All causes,3,Rate,2023,841.518548763522,872.0605287832335,806.4467697865833
1,All Population,1,Deaths,194,Lesotho,3,Both,22,All ages,294,All causes,1,Number,2023,22749.390152135667,23927.62073755331,21551.015409143994
1,All Population,1,Deaths,194,Lesotho,3,Both,22,All ages,294,All causes,2,Percent,2023,1.0,1.0,1.0
1,All Population,1,Deaths,194,Lesotho,3,Both,22,All ages,294,All causes,3,Rate,2023,1185.465991120336,1246.8633419666528,1123.0189324109035
1,All Population,1,Deaths,376,Northern Mariana Islands,3,Both,22,All ages,294,All causes,1,Number,2023,370.94453244413415,386.9603548180014,355.05310682662906
1,All Population,1,Deaths,376,Northern Mariana Islands,3,Both,22,All ages,294,All causes,2,Percent,2023,1.0,1.0,1.0
1,All Population,1,Deaths,376,Northern Mariana Islands,3,Both,22,All ages,294,All causes,3,Rate,2023,782.8477564899645,816.6478250099437,749.3102170359628
1,All Population,1,Deaths,126,Costa Rica,3,Both,22,All ages,294,All causes,1,Number,2023,29175.733224469397,29726.981856393002,28601.32920733652
1,All Population,1,Deaths,126,Costa Rica,3,Both,22,All ages,294,All causes,2,Percent,2023,1.0,1.0,1.0
1,All Population,1,Deaths,126,Costa Rica,3,Both,22,All ages,294,All causes,3,Rate,2023,560.3041344635624,570.8905654954013,549.2730168160338
1,All Population,1,Deaths,45,Bulgaria,3,Both,22,All ages,294,All causes,1,Number,2023,101890.21874008208,103643.22481132127,100334.56488028535
1,All Population,1,Deaths,45,Bulgaria,3,Both,22,All ages,294,All causes,2,Percent,2023,1.0,1.0,1.0
1,All Population,1,Deaths,45,Bulgaria,3,Both,22,All ages,294,All causes,3,Rate,2023,1470.9879047000022,1496.296032992832,1448.5289479919165
1,All Population,1,Deaths,22,Fiji,3,Both,22,All ages,294,All causes,1,Number,2023,8390.584696291999,8683.189480577175,8099.9348330667
1,All Population,1,Deaths,22,Fiji,3,Both,22,All ages,294,All causes,2,Percent,2023,1.0,1.0,1.0
1,All Population,1,Deaths,22,Fiji,3,Both,22,All ages,294,All causes,3,Rate,2023,894.3005479586715,925.4874828855309,863.321975981278
1,All Population,1,Deaths,109,Cuba,3,Both,22,All ages,294,All causes,1,Number,2023,115532.03443638083,124903.0525934164,107066.37260437584
1,All Population,1,Deaths,109,Cuba,3,Both,22,All ages,294,All causes,2,Percent,2023,1.0,1.0,1.0
1,All Population,1,Deaths,109,Cuba,3,Both,22,All ages,294,All causes,3,Rate,2023,1021.0456407985995,1103.8645514649281,946.2280618282966
1,All Population,1,Deaths,197,Eswatini,3,Both,22,All ages,294,All causes,1,Number,2023,11816.702185578824,12378.838737635715,11287.56353385582
1,All Population,1,Deaths,197,Eswatini,3,Both,22,All ages,294,All causes,2,Percent,2023,1.0,1.0,1.0
1,All Population,1,Deaths,197,Eswatini,3,Both,22,All ages,294,All causes,3,Rate,2023,996.2461777903873,1043.638959853255,951.6353929012213
1,All Population,1,Deaths,98,Chile,3,Both,22,All ages,294,All causes,1,Number,2023,121405.56725165597,122662.38957661146,120246.86298518392
1,All Population,1,Deaths,98,Chile,3,Both,22,All ages,294,All causes,2,Percent,2023,1.0,1.0,1.0
1,All Population,1,Deaths,98,Chile,3,Both,22,All ages,294,All causes,3,Rate,2023,633.8814573628148,640.4435647276075,627.8316429621184
1,All Population,1,Deaths,28,Solomon Islands,3,Both,22,All ages,294,All causes,1,Number,2023,7042.975569453013,7296.365003347925,6809.980406764232
1,All Population,1,Deaths,28,Solomon Islands,3,Both,22,All ages,294,All causes,2,Percent,2023,1.0,1.0,1.0
1,All Population,1,Deaths,28,Solomon Islands,3,Both,22,All ages,294,All causes,3,Rate,2023,819.1762083524335,848.6482111512053,792.0762855919915
1,All Population,1,Deaths,143,Iraq,3,Both,22,All ages,294,All causes,1,Number,2023,223723.270191557,231869.6615382667,216224.50480337447
1,All Population,1,Deaths,143,Iraq,3,Both,22,All ages,294,All causes,2,Percent,2023,1.0,1.0,1.0
1,All Population,1,Deaths,143,Iraq,3,Both,22,All ages,294,All causes,3,Rate,2023,506.4192768186972,524.8594221417585,489.4450955381135
1,All Population,1,Deaths,161,Bangladesh,3,Both,22,All ages,294,All causes,1,Number,2023,1090063.9548442683,1163628.0596144218,1024395.127647557
1,All Population,1,Deaths,161,Bangladesh,3,Both,22,All ages,294,All causes,2,Percent,2023,1.0,1.0,1.0
1,All Population,1,Deaths,161,Bangladesh,3,Both,22,All ages,294,All causes,3,Rate,2023,626.9874168786444,669.300317713365,589.2157538945235
1,All Population,1,Deaths,29,Tonga,3,Both,22,All ages,294,All causes,1,Number,2023,740.2037860535993,765.4902454476376,715.2966742165709
1,All Population,1,Deaths,29,Tonga,3,Both,22,All ages,294,All causes,2,Percent,2023,1.0,1.0,1.0
1,All Population,1,Deaths,29,Tonga,3,Both,22,All ages,294,All causes,3,Rate,2023,709.0048632358437,733.2255211440846,685.1475637267955
1,All Population,1,Deaths,34,Azerbaijan,3,Both,22,All ages,294,All causes,1,Number,2023,69585.90101142917,71518.59257561743,67373.04965560828
1,All Population,1,Deaths,34,Azerbaijan,3,Both,22,All ages,294,All causes,2,Percent,2023,1.0,1.0,1.0
1,All Population,1,Deaths,34,Azerbaijan,3,Both,22,All ages,294,All causes,3,Rate,2023,661.3263720478753,679.694171873047,640.296006158298
1,All Population,1,Deaths,52,Romania,3,Both,22,All ages,294,All causes,1,Number,2023,246053.242665251,248666.5201634311,243898.57206408476
1,All Population,1,Deaths,52,Romania,3,Both,22,All ages,294,All causes,2,Percent,2023,1.0,1.0,1.0
1,All Population,1,Deaths,52,Romania,3,Both,22,All ages,294,All causes,3,Rate,2023,1273.386398684444,1286.9107562020483,1262.2354453076457
1,All Population,1,Deaths,18,Thailand,3,Both,22,All ages,294,All causes,1,Number,2023,591576.9750598674,597922.4398273473,585094.2417109351
1,All Population,1,Deaths,18,Thailand,3,Both,22,All ages,294,All causes,2,Percent,2023,1.0,1.0,1.0
1,All Population,1,Deaths,18,Thailand,3,Both,22,All ages,294,All causes,3,Rate,2023,900.0932585887313,909.7479786008529,890.229682366868
1,All Population,1,Deaths,53,Serbia,3,Both,22,All ages,294,All causes,1,Number,2023,119778.44207572305,128639.46644365073,111678.86479610376
1,All Population,1,Deaths,53,Serbia,3,Both,22,All ages,294,All causes,2,Percent,2023,1.0,1.0,1.0
1,All Population,1,Deaths,53,Serbia,3,Both,22,All ages,294,All causes,3,Rate,2023,1334.663883005549,1433.4002581441448,1244.4121392411241
1,All Population,1,Deaths,215,Sao Tome and Principe,3,Both,22,All ages,294,All causes,1,Number,2023,1213.5370756272232,1282.9874177286786,1151.9502259642657
1,All Population,1,Deaths,215,Sao Tome and Principe,3,Both,22,All ages,294,All causes,2,Percent,2023,1.0,1.0,1.0
1,All Population,1,Deaths,215,Sao Tome and Principe,3,Both,22,All ages,294,All causes,3,Rate,2023,546.6369987190603,577.9208608513562,518.8952417208897
1,All Population,1,Deaths,162,Bhutan,3,Both,22,All ages,294,All causes,1,Number,2023,4980.568337646754,5309.731387394984,4678.287172879372
1,All Population,1,Deaths,162,Bhutan,3,Both,22,All ages,294,All causes,2,Percent,2023,1.0,1.0,1.0
1,All Population,1,Deaths,162,Bhutan,3,Both,22,All ages,294,All causes,3,Rate,2023,667.3283804159244,711.4317497484773,626.826817855342
1,All Population,1,Deaths,46,Croatia,3,Both,22,All ages,294,All causes,1,Number,2023,51907.857637172245,52901.69780049571,50787.8476065111
1,All Population,1,Deaths,46,Croatia,3,Both,22,All ages,294,All causes,2,Percent,2023,1.0,1.0,1.0
1,All Population,1,Deaths,46,Croatia,3,Both,22,All ages,294,All causes,3,Rate,2023,1334.8702849101076,1360.4280282337434,1306.067938275401
1,All Population,1,Deaths,190,Uganda,3,Both,22,All ages,294,All causes,1,Number,2023,289475.0699970656,300047.6844060912,278402.12143600115
1,All Population,1,Deaths,190,Uganda,3,Both,22,All ages,294,All causes,2,Percent,2023,1.0,1.0,1.0
1,All Population,1,Deaths,190,Uganda,3,Both,22,All ages,294,All causes,3,Rate,2023,634.787970628686,657.9725869931038,610.5061748041779
1,All Population,1,Deaths,173,Gabon,3,Both,22,All ages,294,All causes,1,Number,2023,14262.955342949588,14927.117315054751,13536.083600582067
1,All Population,1,Deaths,173,Gabon,3,Both,22,All ages,294,All causes,2,Percent,2023,1.0,1.0,1.0
1,All Population,1,Deaths,173,Gabon,3,Both,22,All ages,294,All causes,3,Rate,2023,745.2622401952981,779.9657660272212,707.2820285192336
1,All Population,1,Deaths,522,Sudan,3,Both,22,All ages,294,All causes,1,Number,2023,241778.2113973835,258532.6824183435,226588.08276379193
1,All Population,1,Deaths,522,Sudan,3,Both,22,All ages,294,All causes,2,Percent,2023,1.0,1.0,1.0
1,All Population,1,Deaths,522,Sudan,3,Both,22,All ages,294,All causes,3,Rate,2023,644.854112892163,689.5404784862943,604.3400530514568
1,All Population,1,Deaths,144,Jordan,3,Both,22,All ages,294,All causes,1,Number,2023,40924.20224101635,42298.098692518215,39672.08440947774
1,All Population,1,Deaths,144,Jordan,3,Both,22,All ages,294,All causes,2,Percent,2023,1.0,1.0,1.0
1,All Population,1,Deaths,144,Jordan,3,Both,22,All ages,294,All causes,3,Rate,2023,310.0292696957682,320.43749001948186,300.5436070407266
1,All Population,1,Deaths,178,Eritrea,3,Both,22,All ages,294,All causes,1,Number,2023,58508.69800187402,61221.910221991835,55944.09574183508
1,All Population,1,Deaths,178,Eritrea,3,Both,22,All ages,294,All causes,2,Percent,2023,1.0,1.0,1.0
1,All Population,1,Deaths,178,Eritrea,3,Both,22,All ages,294,All causes,3,Rate,2023,832.9591712523714,871.5858212972719,796.4482071381886
1,All Population,1,Deaths,47,Czechia,3,Both,22,All ages,294,All causes,1,Number,2023,112918.11941503204,113988.34608965967,111493.79785862786
1,All Population,1,Deaths,47,Czechia,3,Both,22,All ages,294,All causes,2,Percent,2023,1.0,1.0,1.0
1,All Population,1,Deaths,47,Czechia,3,Both,22,All ages,294,All causes,3,Rate,2023,1036.6564926725582,1046.4818195256053,1023.5803610760619
1,All Population,1,Deaths,198,Zimbabwe,3,Both,22,All ages,294,All causes,1,Number,2023,115387.72830599062,120874.08302646354,110372.22065507717
1,All Population,1,Deaths,198,Zimbabwe,3,Both,22,All ages,294,All causes,2,Percent,2023,1.0,1.0,1.0
1,All Population,1,Deaths,198,Zimbabwe,3,Both,22,All ages,294,All causes,3,Rate,2023,724.1324206009655,758.5628351895624,692.6568750718312
1,All Population,1,Deaths,216,Senegal,3,Both,22,All ages,294,All causes,1,Number,2023,102284.14746688098,106683.69819005634,98230.80100457257
1,All Population,1,Deaths,216,Senegal,3,Both,22,All ages,294,All causes,2,Percent,2023,1.0,1.0,1.0
1,All Population,1,Deaths,216,Senegal,3,Both,22,All ages,294,All causes,3,Rate,2023,545.9839066492503,569.4683267752395,524.3474948366514
1,All Population,1,Deaths,208,Guinea,3,Both,22,All ages,294,All causes,1,Number,2023,119809.20372784733,125037.68886644304,115600.73396338616
1,All Population,1,Deaths,208,Guinea,3,Both,22,All ages,294,All causes,2,Percent,2023,1.0,1.0,1.0
1,All Population,1,Deaths,208,Guinea,3,Both,22,All ages,294,All causes,3,Rate,2023,845.2766416878607,882.1645953805197,815.5850897998338
1,All Population,1,Deaths,35,Georgia,3,Both,22,All ages,294,All causes,1,Number,2023,43631.817796466115,45558.39313154447,42127.648690611226
1,All Population,1,Deaths,35,Georgia,3,Both,22,All ages,294,All causes,2,Percent,2023,1.0,1.0,1.0
1,All Population,1,Deaths,35,Georgia,3,Both,22,All ages,294,All causes,3,Rate,2023,1218.4192177884127,1272.2188651862525,1176.4152711748109
1,All Population,1,Deaths,79,Finland,3,Both,22,All ages,294,All causes,1,Number,2023,61227.79112928484,61957.53745966932,60442.21872019988
1,All Population,1,Deaths,79,Finland,3,Both,22,All ages,294,All causes,2,Percent,2023,1.0,1.0,1.0
1,All Population,1,Deaths,79,Finland,3,Both,22,All ages,294,All causes,3,Rate,2023,1102.6277881799006,1115.7695097309067,1088.480716206399
1,All Population,1,Deaths,211,Mali,3,Both,22,All ages,294,All causes,1,Number,2023,198127.76243683838,204422.65767877802,191754.86548511073
1,All Population,1,Deaths,211,Mali,3,Both,22,All ages,294,All causes,2,Percent,2023,1.0,1.0,1.0
1,All Population,1,Deaths,211,Mali,3,Both,22,All ages,294,All causes,3,Rate,2023,817.7542685589544,843.7358745232814,791.450717651883
1,All Population,1,Deaths,16,Philippines,3,Both,22,All ages,294,All causes,1,Number,2023,662071.8991731649,668795.650548595,655206.9155106926
1,All Population,1,Deaths,16,Philippines,3,Both,22,All ages,294,All causes,2,Percent,2023,1.0,1.0,1.0
1,All Population,1,Deaths,16,Philippines,3,Both,22,All ages,294,All causes,3,Rate,2023,578.1707733725023,584.0424567010831,572.1757554321879
1,All Population,1,Deaths,416,Tuvalu,3,Both,22,All ages,294,All causes,1,Number,2023,125.67891768688192,130.68285647004123,121.6523395298935
1,All Population,1,Deaths,416,Tuvalu,3,Both,22,All ages,294,All causes,2,Percent,2023,1.0,1.0,1.0
1,All Population,1,Deaths,416,Tuvalu,3,Both,22,All ages,294,All causes,3,Rate,2023,1140.1104849521387,1185.5042803295967,1103.5829267923914
1,All Population,1,Deaths,147,Libya,3,Both,22,All ages,294,All causes,1,Number,2023,49504.48460746635,51489.78276881241,47549.53123684848
1,All Population,1,Deaths,147,Libya,3,Both,22,All ages,294,All causes,2,Percent,2023,1.0,1.0,1.0
1,All Population,1,Deaths,147,Libya,3,Both,22,All ages,294,All causes,3,Rate,2023,668.7410004017388,695.5597884174426,642.3321309190627
1,All Population,1,Deaths,36,Kazakhstan,3,Both,22,All ages,294,All causes,1,Number,2023,131210.37107799528,134078.33217940805,128186.27863308034
1,All Population,1,Deaths,36,Kazakhstan,3,Both,22,All ages,294,All causes,2,Percent,2023,1.0,1.0,1.0
1,All Population,1,Deaths,36,Kazakhstan,3,Both,22,All ages,294,All causes,3,Rate,2023,643.1143844821116,657.1714062198014,628.292100730072
1,All Population,1,Deaths,179,Ethiopia,3,Both,22,All ages,294,All causes,1,Number,2023,793224.648259169,828783.4551923892,758430.059154622
1,All Population,1,Deaths,179,Ethiopia,3,Both,22,All ages,294,All causes,2,Percent,2023,1.0,1.0,1.0
1,All Population,1,Deaths,179,Ethiopia,3,Both,22,All ages,294,All causes,3,Rate,2023,699.3798141768957,730.7317292237694,668.701703863878
1,All Population,1,Deaths,149,Palestine,3,Both,22,All ages,294,All causes,1,Number,2023,38118.940321702634,40541.23283310989,36211.34597432781
1,All Population,1,Deaths,149,Palestine,3,Both,22,All ages,294,All causes,2,Percent,2023,1.0,1.0,1.0
1,All Population,1,Deaths,149,Palestine,3,Both,22,All ages,294,All causes,3,Rate,2023,704.8394209884763,749.6288940639643,669.5669899099282
1,All Population,1,Deaths,298,American Samoa,3,Both,22,All ages,294,All causes,1,Number,2023,386.24061608611055,413.4063262037458,358.3351096719048
1,All Population,1,Deaths,298,American Samoa,3,Both,22,All ages,294,All causes,2,Percent,2023,1.0,1.0,1.0
1,All Population,1,Deaths,298,American Samoa,3,Both,22,All ages,294,All causes,3,Rate,2023,788.5130348019744,843.9720301413756,731.5437399273881
1,All Population,1,Deaths,99,Uruguay,3,Both,22,All ages,294,All causes,1,Number,2023,34797.1045383552,35315.6073011129,34203.10001274304
1,All Population,1,Deaths,99,Uruguay,3,Both,22,All ages,294,All causes,2,Percent,2023,1.0,1.0,1.0
1,All Population,1,Deaths,99,Uruguay,3,Both,22,All ages,294,All causes,3,Rate,2023,1022.7097309437244,1037.9488673037351,1005.2515482406629
1,All Population,1,Deaths,19,Timor-Leste,3,Both,22,All ages,294,All causes,1,Number,2023,9088.799851199665,9717.129384688082,8558.4142049073
1,All Population,1,Deaths,19,Timor-Leste,3,Both,22,All ages,294,All causes,2,Percent,2023,1.0,1.0,1.0
1,All Population,1,Deaths,19,Timor-Leste,3,Both,22,All ages,294,All causes,3,Rate,2023,633.4799750228385,677.2738954190297,596.5126425403861
1,All Population,1,Deaths,63,Ukraine,3,Both,22,All ages,294,All causes,1,Number,2023,533675.0388551642,566119.9449926498,504623.44730132906
1,All Population,1,Deaths,63,Ukraine,3,Both,22,All ages,294,All causes,2,Percent,2023,1.0,1.0,1.0
1,All Population,1,Deaths,63,Ukraine,3,Both,22,All ages,294,All causes,3,Rate,2023,1357.1129030939846,1439.6189180901342,1283.2359426168694
1,All Population,1,Deaths,168,Angola,3,Both,22,All ages,294,All causes,1,Number,2023,244659.93734535127,256516.2190765035,235574.86424029613
1,All Population,1,Deaths,168,Angola,3,Both,22,All ages,294,All causes,2,Percent,2023,1.0,1.0,1.0
1,All Population,1,Deaths,168,Angola,3,Both,22,All ages,294,All causes,3,Rate,2023,678.1376717763378,711.0003928917231,652.9560650522119
1,All Population,1,Deaths,132,Panama,3,Both,22,All ages,294,All causes,1,Number,2023,22616.16652214249,23361.106579468054,21959.38111761074
1,All Population,1,Deaths,132,Panama,3,Both,22,All ages,294,All causes,2,Percent,2023,1.0,1.0,1.0
1,All Population,1,Deaths,132,Panama,3,Both,22,All ages,294,All causes,3,Rate,2023,538.3848692028849,556.1183986644122,522.7498886341407
1,All Population,1,Deaths,305,Bermuda,3,Both,22,All ages,294,All causes,1,Number,2023,622.2488656783968,647.6065539917142,598.3035211682533
1,All Population,1,Deaths,305,Bermuda,3,Both,22,All ages,294,All causes,2,Percent,2023,1.0,1.0,1.0
1,All Population,1,Deaths,305,Bermuda,3,Both,22,All ages,294,All causes,3,Rate,2023,987.3949843636755,1027.6329914323267,949.3981082385602
1,All Population,1,Deaths,20,Viet Nam,3,Both,22,All ages,294,All causes,1,Number,2023,676497.0080694719,725902.4219275311,623436.8335670921
1,All Population,1,Deaths,20,Viet Nam,3,Both,22,All ages,294,All causes,2,Percent,2023,1.0,1.0,1.0
1,All Population,1,Deaths,20,Viet Nam,3,Both,22,All ages,294,All causes,3,Rate,2023,655.816252880454,703.7113255887033,604.3781468663026
1,All Population,1,Deaths,150,Oman,3,Both,22,All ages,294,All causes,1,Number,2023,12282.277235885256,12907.870615573896,11626.070641265154
1,All Population,1,Deaths,150,Oman,3,Both,22,All ages,294,All causes,2,Percent,2023,1.0,1.0,1.0
1,All Population,1,Deaths,150,Oman,3,Both,22,All ages,294,All causes,3,Rate,2023,239.22444765000387,251.40925897084404,226.44337642620556
1,All Population,1,Deaths,131,Nicaragua,3,Both,22,All ages,294,All causes,1,Number,2023,29440.067743638836,31321.563017483593,27612.17061399606
1,All Population,1,Deaths,131,Nicaragua,3,Both,22,All ages,294,All causes,2,Percent,2023,1.0,1.0,1.0
1,All Population,1,Deaths,131,Nicaragua,3,Both,22,All ages,294,All causes,3,Rate,2023,432.2444583940535,459.8689160785888,405.4069384643244
1,All Population,1,Deaths,50,Montenegro,3,Both,22,All ages,294,All causes,1,Number,2023,6986.706735736885,7193.45466383031,6772.414885776225
1,All Population,1,Deaths,50,Montenegro,3,Both,22,All ages,294,All causes,2,Percent,2023,1.0,1.0,1.0
1,All Population,1,Deaths,50,Montenegro,3,Both,22,All ages,294,All causes,3,Rate,2023,1068.2142429638,1099.8244263944273,1035.450651340843
1,All Population,1,Deaths,33,Armenia,3,Both,22,All ages,294,All causes,1,Number,2023,24651.836691144108,25903.391380717712,23635.861206168902
1,All Population,1,Deaths,33,Armenia,3,Both,22,All ages,294,All causes,2,Percent,2023,1.0,1.0,1.0
1,All Population,1,Deaths,33,Armenia,3,Both,22,All ages,294,All causes,3,Rate,2023,813.1452016272904,854.427954841639,779.6330702218722
1,All Population,1,Deaths,51,Poland,3,Both,22,All ages,294,All causes,1,Number,2023,409603.92747591157,412841.67718400696,406845.84757800045
1,All Population,1,Deaths,51,Poland,3,Both,22,All ages,294,All causes,2,Percent,2023,1.0,1.0,1.0
1,All Population,1,Deaths,51,Poland,3,Both,22,All ages,294,All causes,3,Rate,2023,1049.707879679356,1058.0053864976146,1042.639641297308
1,All Population,1,Deaths,94,Switzerland,3,Both,22,All ages,294,All causes,1,Number,2023,71549.05182545508,72363.59227334772,70814.10192373779
1,All Population,1,Deaths,94,Switzerland,3,Both,22,All ages,294,All causes,2,Percent,2023,1.0,1.0,1.0
1,All Population,1,Deaths,94,Switzerland,3,Both,22,All ages,294,All causes,3,Rate,2023,795.7201370061277,804.7789046663237,787.5465215413998
1,All Population,1,Deaths,95,United Kingdom,3,Both,22,All ages,294,All causes,1,Number,2023,667658.1661950964,669872.9913124358,665733.1381230381
1,All Population,1,Deaths,95,United Kingdom,3,Both,22,All ages,294,All causes,2,Percent,2023,1.0,1.0,1.0
1,All Population,1,Deaths,95,United Kingdom,3,Both,22,All ages,294,All causes,3,Rate,2023,965.303060625913,968.5052643474711,962.519846724196
1,All Population,1,Deaths,165,Pakistan,3,Both,22,All ages,294,All causes,1,Number,2023,1373350.9484783213,1445826.633863842,1304931.6943761637
1,All Population,1,Deaths,165,Pakistan,3,Both,22,All ages,294,All causes,2,Percent,2023,1.0,1.0,1.0
1,All Population,1,Deaths,165,Pakistan,3,Both,22,All ages,294,All causes,3,Rate,2023,562.9626426805124,592.6718029063978,534.9162906957864
1,All Population,1,Deaths,422,United States Virgin Islands,3,Both,22,All ages,294,All causes,1,Number,2023,1009.8233649019061,1088.113428798258,941.3727777734099
1,All Population,1,Deaths,422,United States Virgin Islands,3,Both,22,All ages,294,All causes,2,Percent,2023,1.0,1.0,1.0
1,All Population,1,Deaths,422,United States Virgin Islands,3,Both,22,All ages,294,All causes,3,Rate,2023,1201.403043996702,1294.5459879499847,1119.966283274172
1,All Population,1,Deaths,80,France,3,Both,22,All ages,294,All causes,1,Number,2023,633839.6208612401,636444.4553851121,631426.2621088605
1,All Population,1,Deaths,80,France,3,Both,22,All ages,294,All causes,2,Percent,2023,1.0,1.0,1.0
1,All Population,1,Deaths,80,France,3,Both,22,All ages,294,All causes,3,Rate,2023,907.1265673023063,910.8545049733854,903.6726622943804
1,All Population,1,Deaths,151,Qatar,3,Both,22,All ages,294,All causes,1,Number,2023,3214.75014648906,3444.752228683919,2989.386112676238
1,All Population,1,Deaths,151,Qatar,3,Both,22,All ages,294,All causes,2,Percent,2023,1.0,1.0,1.0
1,All Population,1,Deaths,151,Qatar,3,Both,22,All ages,294,All causes,3,Rate,2023,103.60821942089616,111.02095917155253,96.34495938485321
1,All Population,1,Deaths,148,Morocco,3,Both,22,All ages,294,All causes,1,Number,2023,279559.9477724484,298458.9323081937,262365.5543592509
1,All Population,1,Deaths,148,Morocco,3,Both,22,All ages,294,All causes,2,Percent,2023,1.0,1.0,1.0
1,All Population,1,Deaths,148,Morocco,3,Both,22,All ages,294,All causes,3,Rate,2023,757.5187401203378,808.7289906198997,710.9273906109268
1,All Population,1,Deaths,121,Bolivia (Plurinational State of),3,Both,22,All ages,294,All causes,1,Number,2023,77193.77834517114,79948.57885870285,74257.88024938462
1,All Population,1,Deaths,121,Bolivia (Plurinational State of),3,Both,22,All ages,294,All causes,2,Percent,2023,1.0,1.0,1.0
1,All Population,1,Deaths,121,Bolivia (Plurinational State of),3,Both,22,All ages,294,All causes,3,Rate,2023,639.623554030544,662.4496850074647,615.2968580900803
1,All Population,1,Deaths,396,San Marino,3,Both,22,All ages,294,All causes,1,Number,2023,282.14387150763196,311.49698638715245,254.72062467944667
1,All Population,1,Deaths,396,San Marino,3,Both,22,All ages,294,All causes,2,Percent,2023,1.0,1.0,1.0
1,All Population,1,Deaths,396,San Marino,3,Both,22,All ages,294,All causes,3,Rate,2023,802.474588610257,885.960820870083,724.4772938286463
1,All Population,1,Deaths,183,Mauritius,3,Both,22,All ages,294,All causes,1,Number,2023,12859.498847917328,13220.554355305665,12442.078046906667
1,All Population,1,Deaths,183,Mauritius,3,Both,22,All ages,294,All causes,2,Percent,2023,1.0,1.0,1.0
1,All Population,1,Deaths,183,Mauritius,3,Both,22,All ages,294,All causes,3,Rate,2023,1008.9887331791294,1037.3180594861274,976.2368436851958
1,All Population,1,Deaths,413,Tokelau,3,Both,22,All ages,294,All causes,1,Number,2023,12.956837762710716,13.50335306535612,12.377312898736085
1,All Population,1,Deaths,413,Tokelau,3,Both,22,All ages,294,All causes,2,Percent,2023,1.0,1.0,1.0
1,All Population,1,Deaths,413,Tokelau,3,Both,22,All ages,294,All causes,3,Rate,2023,801.6802583435071,835.4948770828388,765.8232343399528
1,All Population,1,Deaths,184,Mozambique,3,Both,22,All ages,294,All causes,1,Number,2023,231880.16921572588,241232.05952407295,222587.039806647
1,All Population,1,Deaths,184,Mozambique,3,Both,22,All ages,294,All causes,2,Percent,2023,1.0,1.0,1.0
1,All Population,1,Deaths,184,Mozambique,3,Both,22,All ages,294,All causes,3,Rate,2023,696.2216280943865,724.3007360157727,668.3189501329035
1,All Population,1,Deaths,133,Venezuela (Bolivarian Republic of),3,Both,22,All ages,294,All causes,1,Number,2023,217639.22617225183,224957.81330252206,210648.8546568506
1,All Population,1,Deaths,133,Venezuela (Bolivarian Republic of),3,Both,22,All ages,294,All causes,2,Percent,2023,1.0,1.0,1.0
1,All Population,1,Deaths,133,Venezuela (Bolivarian Republic of),3,Both,22,All ages,294,All causes,3,Rate,2023,848.3469629949092,876.8744544520986,821.0988398068431
1,All Population,1,Deaths,191,Zambia,3,Both,22,All ages,294,All causes,1,Number,2023,147190.55118781247,153417.13733865618,140717.31733886138
1,All Population,1,Deaths,191,Zambia,3,Both,22,All ages,294,All causes,2,Percent,2023,1.0,1.0,1.0
1,All Population,1,Deaths,191,Zambia,3,Both,22,All ages,294,All causes,3,Rate,2023,702.5829332931105,732.3042240074852,671.6843220114315
1,All Population,1,Deaths,40,Turkmenistan,3,Both,22,All ages,294,All causes,1,Number,2023,36190.42570779275,38775.79228834073,33835.310543967906
1,All Population,1,Deaths,40,Turkmenistan,3,Both,22,All ages,294,All causes,2,Percent,2023,1.0,1.0,1.0
1,All Population,1,Deaths,40,Turkmenistan,3,Both,22,All ages,294,All causes,3,Rate,2023,645.2091446276951,691.301505448564,603.2217457332989
1,All Population,1,Deaths,85,Israel,3,Both,22,All ages,294,All causes,1,Number,2023,50801.183979541194,51398.99700843636,50181.255775185564
1,All Population,1,Deaths,85,Israel,3,Both,22,All ages,294,All causes,2,Percent,2023,1.0,1.0,1.0
1,All Population,1,Deaths,85,Israel,3,Both,22,All ages,294,All causes,3,Rate,2023,508.53502345276235,514.5193104093811,502.3293569850676
1,All Population,1,Deaths,57,Belarus,3,Both,22,All ages,294,All causes,1,Number,2023,122877.45286832578,128233.92982006913,118109.95769786219
1,All Population,1,Deaths,57,Belarus,3,Both,22,All ages,294,All causes,2,Percent,2023,1.0,1.0,1.0
1,All Population,1,Deaths,57,Belarus,3,Both,22,All ages,294,All causes,3,Rate,2023,1293.7255266460336,1350.1216416663158,1243.5305555084083
1,All Population,1,Deaths,201,Burkina Faso,3,Both,22,All ages,294,All causes,1,Number,2023,157603.77371737384,164181.39278891613,151719.9855396583
1,All Population,1,Deaths,201,Burkina Faso,3,Both,22,All ages,294,All causes,2,Percent,2023,1.0,1.0,1.0
1,All Population,1,Deaths,201,Burkina Faso,3,Both,22,All ages,294,All causes,3,Rate,2023,649.3669619775732,676.4683975129464,625.1242832411202
1,All Population,1,Deaths,367,Monaco,3,Both,22,All ages,294,All causes,1,Number,2023,542.3478588542667,600.5948130123477,495.4965987882816
1,All Population,1,Deaths,367,Monaco,3,Both,22,All ages,294,All causes,2,Percent,2023,1.0,1.0,1.0
1,All Population,1,Deaths,367,Monaco,3,Both,22,All ages,294,All causes,3,Rate,2023,1394.3865701093996,1544.1405873915623,1273.9310971833656
1,All Population,1,Deaths,185,Rwanda,3,Both,22,All ages,294,All causes,1,Number,2023,101144.51891309528,105607.93023036346,96576.99934807957
1,All Population,1,Deaths,185,Rwanda,3,Both,22,All ages,294,All causes,2,Percent,2023,1.0,1.0,1.0
1,All Population,1,Deaths,185,Rwanda,3,Both,22,All ages,294,All causes,3,Rate,2023,725.798806555082,757.8276168361531,693.0229301672202
1,All Population,1,Deaths,186,Seychelles,3,Both,22,All ages,294,All causes,1,Number,2023,804.4290269580165,829.0749586760704,781.7332071387433
1,All Population,1,Deaths,186,Seychelles,3,Both,22,All ages,294,All causes,2,Percent,2023,1.0,1.0,1.0
1,All Population,1,Deaths,186,Seychelles,3,Both,22,All ages,294,All causes,3,Rate,2023,757.5308691572756,780.739944725036,736.1582140966473
1,All Population,1,Deaths,74,Andorra,3,Both,22,All ages,294,All causes,1,Number,2023,660.9454724967175,687.4054786837721,631.5407220985173
1,All Population,1,Deaths,74,Andorra,3,Both,22,All ages,294,All causes,2,Percent,2023,1.0,1.0,1.0
1,All Population,1,Deaths,74,Andorra,3,Both,22,All ages,294,All causes,3,Rate,2023,731.3025282744549,760.5791785095417,698.767668434576
1,All Population,1,Deaths,81,Germany,3,Both,22,All ages,294,All causes,1,Number,2023,1022580.8137593131,1046327.7204331461,997344.6487905937
1,All Population,1,Deaths,81,Germany,3,Both,22,All ages,294,All causes,2,Percent,2023,1.0,1.0,1.0
1,All Population,1,Deaths,81,Germany,3,Both,22,All ages,294,All causes,3,Rate,2023,1210.9533486442133,1239.074740880102,1181.0683575856963
1,All Population,1,Deaths,369,Nauru,3,Both,22,All ages,294,All causes,1,Number,2023,114.27702817598005,118.50508481876078,109.85512646240598
1,All Population,1,Deaths,369,Nauru,3,Both,22,All ages,294,All causes,2,Percent,2023,1.0,1.0,1.0
1,All Population,1,Deaths,369,Nauru,3,Both,22,All ages,294,All causes,3,Rate,2023,926.7220413355178,961.0091885025417,890.8629203205936
1,All Population,1,Deaths,320,Cook Islands,3,Both,22,All ages,294,All causes,1,Number,2023,147.83407551836808,154.46969102127045,141.96262622244308
1,All Population,1,Deaths,320,Cook Islands,3,Both,22,All ages,294,All causes,2,Percent,2023,1.0,1.0,1.0
1,All Population,1,Deaths,320,Cook Islands,3,Both,22,All ages,294,All causes,3,Rate,2023,1004.8514379985083,1049.9547591152166,964.9422746513038
1,All Population,1,Deaths,116,Saint Lucia,3,Both,22,All ages,294,All causes,1,Number,2023,1322.9400116786287,1424.3220748381846,1230.6530014751345
1,All Population,1,Deaths,116,Saint Lucia,3,Both,22,All ages,294,All causes,2,Percent,2023,1.0,1.0,1.0
1,All Population,1,Deaths,116,Saint Lucia,3,Both,22,All ages,294,All causes,3,Rate,2023,739.6706261308252,796.3544768524557,688.0719217161442
1,All Population,1,Deaths,58,Estonia,3,Both,22,All ages,294,All causes,1,Number,2023,16297.81063532193,16683.66254380206,15898.660810572304
1,All Population,1,Deaths,58,Estonia,3,Both,22,All ages,294,All causes,2,Percent,2023,1.0,1.0,1.0
1,All Population,1,Deaths,58,Estonia,3,Both,22,All ages,294,All causes,3,Rate,2023,1204.331091869229,1232.8437222241662,1174.8358084218746
1,All Population,1,Deaths,82,Greece,3,Both,22,All ages,294,All causes,1,Number,2023,132018.34995942563,133383.46121938716,130682.25130780258
1,All Population,1,Deaths,82,Greece,3,Both,22,All ages,294,All causes,2,Percent,2023,1.0,1.0,1.0
1,All Population,1,Deaths,82,Greece,3,Both,22,All ages,294,All causes,3,Rate,2023,1236.7362113428942,1249.5244527368013,1224.2197574946497
1,All Population,1,Deaths,204,Chad,3,Both,22,All ages,294,All causes,1,Number,2023,198847.17344810933,204966.32068877263,193285.81097948228
1,All Population,1,Deaths,204,Chad,3,Both,22,All ages,294,All causes,2,Percent,2023,1.0,1.0,1.0
1,All Population,1,Deaths,204,Chad,3,Both,22,All ages,294,All causes,3,Rate,2023,1030.9721187123475,1062.698343863171,1002.1378660157465
1,All Population,1,Deaths,37,Kyrgyzstan,3,Both,22,All ages,294,All causes,1,Number,2023,31589.71730343885,32799.833477652865,30412.35210604762
1,All Population,1,Deaths,37,Kyrgyzstan,3,Both,22,All ages,294,All causes,2,Percent,2023,1.0,1.0,1.0
1,All Population,1,Deaths,37,Kyrgyzstan,3,Both,22,All ages,294,All causes,3,Rate,2023,435.69831933251044,452.3887372377299,419.45961631353475
1,All Population,1,Deaths,86,Italy,3,Both,22,All ages,294,All causes,1,Number,2023,672373.9159151285,675098.4776885444,670040.5485319565
1,All Population,1,Deaths,86,Italy,3,Both,22,All ages,294,All causes,2,Percent,2023,1.0,1.0,1.0
1,All Population,1,Deaths,86,Italy,3,Both,22,All ages,294,All causes,3,Rate,2023,1141.666542440329,1146.2927495936608,1137.7045691847725
1,All Population,1,Deaths,68,Republic of Korea,3,Both,22,All ages,294,All causes,1,Number,2023,353119.35195719317,358978.50368208205,347046.064166907
1,All Population,1,Deaths,68,Republic of Korea,3,Both,22,All ages,294,All causes,2,Percent,2023,1.0,1.0,1.0
1,All Population,1,Deaths,68,Republic of Korea,3,Both,22,All ages,294,All causes,3,Rate,2023,683.032235015914,694.3654838898904,671.2847867089827
1,All Population,1,Deaths,12,Lao People's Democratic Republic,3,Both,22,All ages,294,All causes,1,Number,2023,60259.4924166699,63819.85998050789,56831.834261941636
1,All Population,1,Deaths,12,Lao People's Democratic Republic,3,Both,22,All ages,294,All causes,2,Percent,2023,1.0,1.0,1.0
1,All Population,1,Deaths,12,Lao People's Democratic Republic,3,Both,22,All ages,294,All causes,3,Rate,2023,801.1341045121632,848.4682549604743,755.564290757768
1,All Population,1,Deaths,205,Côte d'Ivoire,3,Both,22,All ages,294,All causes,1,Number,2023,237055.9281950056,246105.61918180075,228496.62734936283
1,All Population,1,Deaths,205,Côte d'Ivoire,3,Both,22,All ages,294,All causes,2,Percent,2023,1.0,1.0,1.0
1,All Population,1,Deaths,205,Côte d'Ivoire,3,Both,22,All ages,294,All causes,3,Rate,2023,700.6014156829295,727.347113903252,675.3050295711247
1,All Population,1,Deaths,87,Luxembourg,3,Both,22,All ages,294,All causes,1,Number,2023,4285.7165560654585,4435.909561770131,4128.637140387057
1,All Population,1,Deaths,87,Luxembourg,3,Both,22,All ages,294,All causes,2,Percent,2023,1.0,1.0,1.0
1,All Population,1,Deaths,87,Luxembourg,3,Both,22,All ages,294,All causes,3,Rate,2023,650.4812104689405,673.2773349621649,626.639874460465
1,All Population,1,Deaths,69,Singapore,3,Both,22,All ages,294,All causes,1,Number,2023,26938.44874944202,27465.105260088407,26557.95315679243
1,All Population,1,Deaths,69,Singapore,3,Both,22,All ages,294,All causes,2,Percent,2023,1.0,1.0,1.0
1,All Population,1,Deaths,69,Singapore,3,Both,22,All ages,294,All causes,3,Rate,2023,473.27590533705,482.52862212101013,466.59105879065294
1,All Population,1,Deaths,380,Palau,3,Both,22,All ages,294,All causes,1,Number,2023,197.87389587134336,205.72781864221886,189.81351528722854
1,All Population,1,Deaths,380,Palau,3,Both,22,All ages,294,All causes,2,Percent,2023,1.0,1.0,1.0
1,All Population,1,Deaths,380,Palau,3,Both,22,All ages,294,All causes,3,Rate,2023,1105.6821297169226,1149.568373618343,1060.6422383693164
1,All Population,1,Deaths,13,Malaysia,3,Both,22,All ages,294,All causes,1,Number,2023,191468.83675215096,196937.92791302453,186530.5673151954
1,All Population,1,Deaths,13,Malaysia,3,Both,22,All ages,294,All causes,2,Percent,2023,1.0,1.0,1.0
1,All Population,1,Deaths,13,Malaysia,3,Both,22,All ages,294,All causes,3,Rate,2023,560.428057394469,576.4360521522225,545.97377441877
1,All Population,1,Deaths,169,Central African Republic,3,Both,22,All ages,294,All causes,1,Number,2023,77390.13060487896,80188.00072705897,74435.02719576925
1,All Population,1,Deaths,169,Central African Republic,3,Both,22,All ages,294,All causes,2,Percent,2023,1.0,1.0,1.0
1,All Population,1,Deaths,169,Central African Republic,3,Both,22,All ages,294,All causes,3,Rate,2023,1178.8557626887318,1221.4747024812762,1133.8417453205982
1,All Population,1,Deaths,54,Slovakia,3,Both,22,All ages,294,All causes,1,Number,2023,54132.79524304044,54920.44558094844,53158.77064112299
1,All Population,1,Deaths,54,Slovakia,3,Both,22,All ages,294,All causes,2,Percent,2023,1.0,1.0,1.0
1,All Population,1,Deaths,54,Slovakia,3,Both,22,All ages,294,All causes,3,Rate,2023,998.9974573517335,1013.5332056226209,981.0222521855331
1,All Population,1,Deaths,135,Brazil,3,Both,22,All ages,294,All causes,1,Number,2023,1470158.0643189694,1482925.2382834945,1460097.921714721
1,All Population,1,Deaths,135,Brazil,3,Both,22,All ages,294,All causes,2,Percent,2023,1.0,1.0,1.0
1,All Population,1,Deaths,135,Brazil,3,Both,22,All ages,294,All causes,3,Rate,2023,693.2238067410108,699.2439137973992,688.4801465035622
1,All Population,1,Deaths,202,Cameroon,3,Both,22,All ages,294,All causes,1,Number,2023,262403.2726664583,273374.1280847443,251842.02757482405
1,All Population,1,Deaths,202,Cameroon,3,Both,22,All ages,294,All causes,2,Percent,2023,1.0,1.0,1.0
1,All Population,1,Deaths,202,Cameroon,3,Both,22,All ages,294,All causes,3,Rate,2023,774.5025462277397,806.8838323657353,743.330255075704
1,All Population,1,Deaths,170,Congo,3,Both,22,All ages,294,All causes,1,Number,2023,43081.49237741837,45069.611601063734,40886.35574927579
1,All Population,1,Deaths,170,Congo,3,Both,22,All ages,294,All causes,2,Percent,2023,1.0,1.0,1.0
1,All Population,1,Deaths,170,Congo,3,Both,22,All ages,294,All causes,3,Rate,2023,704.3191576164811,736.82198840451,668.4318961622586
1,All Population,1,Deaths,117,Saint Vincent and the Grenadines,3,Both,22,All ages,294,All causes,1,Number,2023,1045.2091653326265,1125.8946687477942,973.7719184909101
1,All Population,1,Deaths,117,Saint Vincent and the Grenadines,3,Both,22,All ages,294,All causes,2,Percent,2023,1.0,1.0,1.0
1,All Population,1,Deaths,117,Saint Vincent and the Grenadines,3,Both,22,All ages,294,All causes,3,Rate,2023,900.3327526581348,969.8344407401249,838.7974205690284
1,All Population,1,Deaths,203,Cabo Verde,3,Both,22,All ages,294,All causes,1,Number,2023,2852.1728482846192,3035.9507011779124,2698.587250369608
1,All Population,1,Deaths,203,Cabo Verde,3,Both,22,All ages,294,All causes,2,Percent,2023,1.0,1.0,1.0
1,All Population,1,Deaths,203,Cabo Verde,3,Both,22,All ages,294,All causes,3,Rate,2023,576.5510152450386,613.7006949108089,545.5045334519829
1,All Population,1,Deaths,171,Democratic Republic of the Congo,3,Both,22,All ages,294,All causes,1,Number,2023,780214.758428113,811714.630371112,746707.259689637
1,All Population,1,Deaths,171,Democratic Republic of the Congo,3,Both,22,All ages,294,All causes,2,Percent,2023,1.0,1.0,1.0
1,All Population,1,Deaths,171,Democratic Republic of the Congo,3,Both,22,All ages,294,All causes,3,Rate,2023,827.8113375282734,861.2328421120094,792.2597319628933
1,All Population,1,Deaths,209,Guinea-Bissau,3,Both,22,All ages,294,All causes,1,Number,2023,17459.61523931172,18121.57389326818,16735.01890887913
1,All Population,1,Deaths,209,Guinea-Bissau,3,Both,22,All ages,294,All causes,2,Percent,2023,1.0,1.0,1.0
1,All Population,1,Deaths,209,Guinea-Bissau,3,Both,22,All ages,294,All causes,3,Rate,2023,804.5937438242108,835.0988714769934,771.2020758937887
1,All Population,1,Deaths,187,Somalia,3,Both,22,All ages,294,All causes,1,Number,2023,174296.8701733535,180136.71908152063,169456.74923600676
1,All Population,1,Deaths,187,Somalia,3,Both,22,All ages,294,All causes,2,Percent,2023,1.0,1.0,1.0
1,All Population,1,Deaths,187,Somalia,3,Both,22,All ages,294,All causes,3,Rate,2023,796.8152012966405,823.5126421553033,774.6881147049177
1,All Population,1,Deaths,118,Suriname,3,Both,22,All ages,294,All causes,1,Number,2023,4505.7408196990755,4610.903940766247,4391.590574136483
1,All Population,1,Deaths,118,Suriname,3,Both,22,All ages,294,All causes,2,Percent,2023,1.0,1.0,1.0
1,All Population,1,Deaths,118,Suriname,3,Both,22,All ages,294,All causes,3,Rate,2023,758.7539116400536,776.4630814886918,739.5313356417579
1,All Population,1,Deaths,189,United Republic of Tanzania,3,Both,22,All ages,294,All causes,1,Number,2023,362533.08895879134,378147.43194973713,347438.8178338233
1,All Population,1,Deaths,189,United Republic of Tanzania,3,Both,22,All ages,294,All causes,2,Percent,2023,1.0,1.0,1.0
1,All Population,1,Deaths,189,United Republic of Tanzania,3,Both,22,All ages,294,All causes,3,Rate,2023,554.1454733479388,578.0125843820942,531.0733117380554
1,All Population,1,Deaths,145,Kuwait,3,Both,22,All ages,294,All causes,1,Number,2023,9151.558038818965,9434.50430211298,8855.90758127036
1,All Population,1,Deaths,145,Kuwait,3,Both,22,All ages,294,All causes,2,Percent,2023,1.0,1.0,1.0
1,All Population,1,Deaths,145,Kuwait,3,Both,22,All ages,294,All causes,3,Rate,2023,195.55761604426039,201.6038320529118,189.23992692341847
1,All Population,1,Deaths,163,India,3,Both,22,All ages,294,All causes,1,Number,2023,9844813.8879097,10466348.227081785,9179022.141189253
1,All Population,1,Deaths,163,India,3,Both,22,All ages,294,All causes,2,Percent,2023,1.0,1.0,1.0
1,All Population,1,Deaths,163,India,3,Both,22,All ages,294,All causes,3,Rate,2023,682.0642484630768,725.1251287161843,635.9371451444974
1,All Population,1,Deaths,152,Saudi Arabia,3,Both,22,All ages,294,All causes,1,Number,2023,98640.99790935645,103775.03147578913,93878.1307651176
1,All Population,1,Deaths,152,Saudi Arabia,3,Both,22,All ages,294,All causes,2,Percent,2023,1.0,1.0,1.0
1,All Population,1,Deaths,152,Saudi Arabia,3,Both,22,All ages,294,All causes,3,Rate,2023,299.0189526386412,314.582190768663,284.58086325175117
1,All Population,1,Deaths,92,Spain,3,Both,22,All ages,294,All causes,1,Number,2023,444461.4750436655,446657.8981655078,442391.57392154896
1,All Population,1,Deaths,92,Spain,3,Both,22,All ages,294,All causes,2,Percent,2023,1.0,1.0,1.0
1,All Population,1,Deaths,92,Spain,3,Both,22,All ages,294,All causes,3,Rate,2023,932.2041477615553,936.8108794118507,927.8627806918809
1,All Population,1,Deaths,110,Dominica,3,Both,22,All ages,294,All causes,1,Number,2023,651.8203736055842,679.5850953746448,626.5340803498738
1,All Population,1,Deaths,110,Dominica,3,Both,22,All ages,294,All causes,2,Percent,2023,1.0,1.0,1.0
1,All Population,1,Deaths,110,Dominica,3,Both,22,All ages,294,All causes,3,Rate,2023,942.4162086110942,982.5590529932077,905.8567305940809
1,All Population,1,Deaths,206,Gambia,3,Both,22,All ages,294,All causes,1,Number,2023,16008.719899634158,16650.073911687432,15464.447759291801
1,All Population,1,Deaths,206,Gambia,3,Both,22,All ages,294,All causes,2,Percent,2023,1.0,1.0,1.0
1,All Population,1,Deaths,206,Gambia,3,Both,22,All ages,294,All causes,3,Rate,2023,634.3969653239628,659.8126788535774,612.8284329048614
1,All Population,1,Deaths,153,Syrian Arab Republic,3,Both,22,All ages,294,All causes,1,Number,2023,93867.6159371655,97451.78949921147,90745.13058143757
1,All Population,1,Deaths,153,Syrian Arab Republic,3,Both,22,All ages,294,All causes,2,Percent,2023,1.0,1.0,1.0
1,All Population,1,Deaths,153,Syrian Arab Republic,3,Both,22,All ages,294,All causes,3,Rate,2023,527.8945120600107,548.0512565856325,510.33421858904467
1,All Population,1,Deaths,385,Puerto Rico,3,Both,22,All ages,294,All causes,1,Number,2023,34243.8758006565,34853.52503729589,33577.52461284929
1,All Population,1,Deaths,385,Puerto Rico,3,Both,22,All ages,294,All causes,2,Percent,2023,1.0,1.0,1.0
1,All Population,1,Deaths,385,Puerto Rico,3,Both,22,All ages,294,All causes,3,Rate,2023,1038.9477258736829,1057.4442795837344,1018.7308539507856
1,All Population,1,Deaths,75,Austria,3,Both,22,All ages,294,All causes,1,Number,2023,88506.4810799769,89297.97489494673,87755.6714106459
1,All Population,1,Deaths,75,Austria,3,Both,22,All ages,294,All causes,2,Percent,2023,1.0,1.0,1.0
1,All Population,1,Deaths,75,Austria,3,Both,22,All ages,294,All causes,3,Rate,2023,976.5796329139433,985.3129678047347,968.2952064819299
1,All Population,1,Deaths,164,Nepal,3,Both,22,All ages,294,All causes,1,Number,2023,179960.6542862808,191408.90602921663,169385.74161116124
1,All Population,1,Deaths,164,Nepal,3,Both,22,All ages,294,All causes,2,Percent,2023,1.0,1.0,1.0
1,All Population,1,Deaths,164,Nepal,3,Both,22,All ages,294,All causes,3,Rate,2023,579.3302395701672,616.1845089169768,545.2874277243915
1,All Population,1,Deaths,393,Saint Kitts and Nevis,3,Both,22,All ages,294,All causes,1,Number,2023,378.7936877659038,392.31431149297157,366.5346710161309
1,All Population,1,Deaths,393,Saint Kitts and Nevis,3,Both,22,All ages,294,All causes,2,Percent,2023,1.0,1.0,1.0
1,All Population,1,Deaths,393,Saint Kitts and Nevis,3,Both,22,All ages,294,All causes,3,Rate,2023,788.7751949674569,816.9296573063069,763.2478204646181
1,All Population,1,Deaths,127,El Salvador,3,Both,22,All ages,294,All causes,1,Number,2023,47091.09055514639,49332.759481768866,44970.00310881693
1,All Population,1,Deaths,127,El Salvador,3,Both,22,All ages,294,All causes,2,Percent,2023,1.0,1.0,1.0
1,All Population,1,Deaths,127,El Salvador,3,Both,22,All ages,294,All causes,3,Rate,2023,761.133250780995,797.3653434588406,726.8501164516904
1,All Population,1,Deaths,128,Guatemala,3,Both,22,All ages,294,All causes,1,Number,2023,88514.8320085347,93649.99787262832,83569.71632838203
1,All Population,1,Deaths,128,Guatemala,3,Both,22,All ages,294,All causes,2,Percent,2023,1.0,1.0,1.0
1,All Population,1,Deaths,128,Guatemala,3,Both,22,All ages,294,All causes,3,Rate,2023,537.3443862388858,568.5182865543741,507.3242179830649
1,All Population,1,Deaths,111,Dominican Republic,3,Both,22,All ages,294,All causes,1,Number,2023,78306.74696697979,80938.61968600562,76037.97889313407
1,All Population,1,Deaths,111,Dominican Republic,3,Both,22,All ages,294,All causes,2,Percent,2023,1.0,1.0,1.0
1,All Population,1,Deaths,111,Dominican Republic,3,Both,22,All ages,294,All causes,3,Rate,2023,698.3611461102806,721.8329122053561,678.1276472908561
1,All Population,1,Deaths,93,Sweden,3,Both,22,All ages,294,All causes,1,Number,2023,94444.18801970672,95298.51795976234,93617.68025047195
1,All Population,1,Deaths,93,Sweden,3,Both,22,All ages,294,All causes,2,Percent,2023,1.0,1.0,1.0
1,All Population,1,Deaths,93,Sweden,3,Both,22,All ages,294,All causes,3,Rate,2023,890.862507123236,898.9211344275396,883.0663176604851
1,All Population,1,Deaths,146,Lebanon,3,Both,22,All ages,294,All causes,1,Number,2023,30352.1202833699,32643.631574778843,28307.313459175046
1,All Population,1,Deaths,146,Lebanon,3,Both,22,All ages,294,All causes,2,Percent,2023,1.0,1.0,1.0
1,All Population,1,Deaths,146,Lebanon,3,Both,22,All ages,294,All causes,3,Rate,2023,532.0731711721944,572.2434020560275,496.2276736838355
1,All Population,1,Deaths,14,Maldives,3,Both,22,All ages,294,All causes,1,Number,2023,1920.7448024103815,2001.555917110932,1852.8799988106239
1,All Population,1,Deaths,14,Maldives,3,Both,22,All ages,294,All causes,2,Percent,2023,1.0,1.0,1.0
1,All Population,1,Deaths,14,Maldives,3,Both,22,All ages,294,All causes,3,Rate,2023,353.97926955282014,368.8721690767716,341.4722808178038
1,All Population,1,Deaths,30,Vanuatu,3,Both,22,All ages,294,All causes,1,Number,2023,1909.854071121992,1976.4717551681679,1851.8443020082595
1,All Population,1,Deaths,30,Vanuatu,3,Both,22,All ages,294,All causes,2,Percent,2023,1.0,1.0,1.0
1,All Population,1,Deaths,30,Vanuatu,3,Both,22,All ages,294,All causes,3,Rate,2023,578.7263479133724,598.912921106287,561.1481557728775
1,All Population,1,Deaths,129,Honduras,3,Both,22,All ages,294,All causes,1,Number,2023,47499.00433575211,49000.45803824655,45701.36841460536
1,All Population,1,Deaths,129,Honduras,3,Both,22,All ages,294,All causes,2,Percent,2023,1.0,1.0,1.0
1,All Population,1,Deaths,129,Honduras,3,Both,22,All ages,294,All causes,3,Rate,2023,443.25911767735306,457.2706333440117,426.48363946563677
1,All Population,1,Deaths,180,Kenya,3,Both,22,All ages,294,All causes,1,Number,2023,279485.58157202497,293184.62788777373,267005.9357123046
1,All Population,1,Deaths,180,Kenya,3,Both,22,All ages,294,All causes,2,Percent,2023,1.0,1.0,1.0
1,All Population,1,Deaths,180,Kenya,3,Both,22,All ages,294,All causes,3,Rate,2023,536.2814075503861,562.5673568969873,512.3352633173374
1,All Population,1,Deaths,349,Greenland,3,Both,22,All ages,294,All causes,1,Number,2023,517.2477562436369,542.9510398380273,492.64792814885726
1,All Population,1,Deaths,349,Greenland,3,Both,22,All ages,294,All causes,2,Percent,2023,1.0,1.0,1.0
1,All Population,1,Deaths,349,Greenland,3,Both,22,All ages,294,All causes,3,Rate,2023,913.7101494847427,959.1146018226989,870.2549341948517
1,All Population,1,Deaths,351,Guam,3,Both,22,All ages,294,All causes,1,Number,2023,1197.0365323159892,1241.0604271734653,1159.1240771937617
1,All Population,1,Deaths,351,Guam,3,Both,22,All ages,294,All causes,2,Percent,2023,1.0,1.0,1.0
1,All Population,1,Deaths,351,Guam,3,Both,22,All ages,294,All causes,3,Rate,2023,759.5153095808846,787.4483101443171,735.4599952176557
1,All Population,1,Deaths,181,Madagascar,3,Both,22,All ages,294,All causes,1,Number,2023,230839.19854763636,240822.7292483016,222093.65735657848
1,All Population,1,Deaths,181,Madagascar,3,Both,22,All ages,294,All causes,2,Percent,2023,1.0,1.0,1.0
1,All Population,1,Deaths,181,Madagascar,3,Both,22,All ages,294,All causes,3,Rate,2023,748.2113603640832,780.570643942344,719.8647307065074
1,All Population,1,Deaths,182,Malawi,3,Both,22,All ages,294,All causes,1,Number,2023,155797.65515773048,162595.26020636025,149204.78727508814
1,All Population,1,Deaths,182,Malawi,3,Both,22,All ages,294,All causes,2,Percent,2023,1.0,1.0,1.0
1,All Population,1,Deaths,182,Malawi,3,Both,22,All ages,294,All causes,3,Rate,2023,751.5567346849618,784.3478947884565,719.7532120127389
1,All Population,1,Deaths,48,Hungary,3,Both,22,All ages,294,All causes,1,Number,2023,127505.3864109021,128946.42815105093,126125.68748992255
1,All Population,1,Deaths,48,Hungary,3,Both,22,All ages,294,All causes,2,Percent,2023,1.0,1.0,1.0
1,All Population,1,Deaths,48,Hungary,3,Both,22,All ages,294,All causes,3,Rate,2023,1324.5372407814332,1339.5069099387542,1310.2048062596934
1,All Population,1,Deaths,83,Iceland,3,Both,22,All ages,294,All causes,1,Number,2023,2569.705113448813,2659.708838335379,2482.3460920276375
1,All Population,1,Deaths,83,Iceland,3,Both,22,All ages,294,All causes,2,Percent,2023,1.0,1.0,1.0
1,All Population,1,Deaths,83,Iceland,3,Both,22,All ages,294,All causes,3,Rate,2023,664.7876789465762,688.0718165119118,642.1877312787745
1,All Population,1,Deaths,49,North Macedonia,3,Both,22,All ages,294,All causes,1,Number,2023,21026.052202853258,21951.765681914196,20177.378520568316
1,All Population,1,Deaths,49,North Macedonia,3,Both,22,All ages,294,All causes,2,Percent,2023,1.0,1.0,1.0
1,All Population,1,Deaths,49,North Macedonia,3,Both,22,All ages,294,All causes,3,Rate,2023,1135.2409838180006,1185.2222104678672,1089.419298571407
1,All Population,1,Deaths,435,South Sudan,3,Both,22,All ages,294,All causes,1,Number,2023,104317.28672151302,108296.81594715481,99809.56995259774
1,All Population,1,Deaths,435,South Sudan,3,Both,22,All ages,294,All causes,2,Percent,2023,1.0,1.0,1.0
1,All Population,1,Deaths,435,South Sudan,3,Both,22,All ages,294,All causes,3,Rate,2023,1058.8821070541835,1099.276680417472,1013.1261179915571
1,All Population,1,Deaths,136,Paraguay,3,Both,22,All ages,294,All causes,1,Number,2023,42869.79217609643,44673.94618445948,41431.73167681664
1,All Population,1,Deaths,136,Paraguay,3,Both,22,All ages,294,All causes,2,Percent,2023,1.0,1.0,1.0
1,All Population,1,Deaths,136,Paraguay,3,Both,22,All ages,294,All causes,3,Rate,2023,678.1557417643229,706.69559086769,655.4071130659349
1,All Population,1,Deaths,119,Trinidad and Tobago,3,Both,22,All ages,294,All causes,1,Number,2023,13855.07739986253,14354.835509855102,13399.03255986004
1,All Population,1,Deaths,119,Trinidad and Tobago,3,Both,22,All ages,294,All causes,2,Percent,2023,1.0,1.0,1.0
1,All Population,1,Deaths,119,Trinidad and Tobago,3,Both,22,All ages,294,All causes,3,Rate,2023,998.8685398961018,1034.8981223533212,965.990423786482
1,All Population,1,Deaths,217,Sierra Leone,3,Both,22,All ages,294,All causes,1,Number,2023,78358.77905073274,81724.74774164952,75644.72168480374
1,All Population,1,Deaths,217,Sierra Leone,3,Both,22,All ages,294,All causes,2,Percent,2023,1.0,1.0,1.0
1,All Population,1,Deaths,217,Sierra Leone,3,Both,22,All ages,294,All causes,3,Rate,2023,977.7932021263952,1019.7951493800373,943.9260735833595
1,All Population,1,Deaths,84,Ireland,3,Both,22,All ages,294,All causes,1,Number,2023,35583.275162909624,36066.48620730077,35027.740438365756
1,All Population,1,Deaths,84,Ireland,3,Both,22,All ages,294,All causes,2,Percent,2023,1.0,1.0,1.0
1,All Population,1,Deaths,84,Ireland,3,Both,22,All ages,294,All causes,3,Rate,2023,668.181486455389,677.2552064104729,657.7496749843012
1,All Population,1,Deaths,218,Togo,3,Both,22,All ages,294,All causes,1,Number,2023,62784.180614207486,65384.73902722185,60038.18672172512
1,All Population,1,Deaths,218,Togo,3,Both,22,All ages,294,All causes,2,Percent,2023,1.0,1.0,1.0
1,All Population,1,Deaths,218,Togo,3,Both,22,All ages,294,All causes,3,Rate,2023,733.9031497991233,764.3018583890375,701.8044021957193
1,All Population,1,Deaths,66,Brunei Darussalam,3,Both,22,All ages,294,All causes,1,Number,2023,2022.085790383728,2100.793064149128,1947.1598297969417
1,All Population,1,Deaths,66,Brunei Darussalam,3,Both,22,All ages,294,All causes,2,Percent,2023,1.0,1.0,1.0
1,All Population,1,Deaths,66,Brunei Darussalam,3,Both,22,All ages,294,All causes,3,Rate,2023,439.69032618567064,456.80474686933815,423.39812918451025
1,All Population,1,Deaths,200,Benin,3,Both,22,All ages,294,All causes,1,Number,2023,95658.66386172196,99593.3025223782,91864.41440035525
1,All Population,1,Deaths,200,Benin,3,Both,22,All ages,294,All causes,2,Percent,2023,1.0,1.0,1.0
1,All Population,1,Deaths,200,Benin,3,Both,22,All ages,294,All causes,3,Rate,2023,672.8895709810423,700.5669105282643,646.1997679962896
1,All Population,1,Deaths,67,Japan,3,Both,22,All ages,294,All causes,1,Number,2023,1617435.9907022854,1620376.2963667486,1614340.659725533
1,All Population,1,Deaths,67,Japan,3,Both,22,All ages,294,All causes,2,Percent,2023,1.0,1.0,1.0
1,All Population,1,Deaths,67,Japan,3,Both,22,All ages,294,All causes,3,Rate,2023,1297.34579625788,1299.704216136892,1294.863030538678
1,All Population,1,Deaths,154,Tunisia,3,Both,22,All ages,294,All causes,1,Number,2023,77650.15737158591,79784.03926626992,75554.66279638483
1,All Population,1,Deaths,154,Tunisia,3,Both,22,All ages,294,All causes,2,Percent,2023,1.0,1.0,1.0
1,All Population,1,Deaths,154,Tunisia,3,Both,22,All ages,294,All causes,3,Rate,2023,648.3373192314019,666.1540927446273,630.8410593223788
1,All Population,1,Deaths,101,Canada,3,Both,22,All ages,294,All causes,1,Number,2023,321131.3792385033,327900.7787654268,314189.86921128404
1,All Population,1,Deaths,101,Canada,3,Both,22,All ages,294,All causes,2,Percent,2023,1.0,1.0,1.0
1,All Population,1,Deaths,101,Canada,3,Both,22,All ages,294,All causes,3,Rate,2023,836.2277010380154,853.8552509125578,818.1519745688107
1,All Population,1,Deaths,102,United States of America,3,Both,22,All ages,294,All causes,1,Number,2023,3091655.874771745,3094152.4361172547,3089142.095238199
1,All Population,1,Deaths,102,United States of America,3,Both,22,All ages,294,All causes,2,Percent,2023,1.0,1.0,1.0
1,All Population,1,Deaths,102,United States of America,3,Both,22,All ages,294,All causes,3,Rate,2023,921.7426957781303,922.4870176813423,920.9932404643132
1,All Population,2,DALYs (Disability-Adjusted Life Years),210,Liberia,3,Both,22,All ages,294,All causes,1,Number,2023,3334157.0565211717,3557549.765761126,3131120.077746383
1,All Population,2,DALYs (Disability-Adjusted Life Years),210,Liberia,3,Both,22,All ages,294,All causes,2,Percent,2023,1.0,1.0,1.0
1,All Population,2,DALYs (Disability-Adjusted Life Years),210,Liberia,3,Both,22,All ages,294,All causes,3,Rate,2023,58141.75410682586,62037.32463625953,54601.151221479595
1,All Population,2,DALYs (Disability-Adjusted Life Years),186,Seychelles,3,Both,22,All ages,294,All causes,1,Number,2023,33038.723242188506,36532.20791343668,30143.272936159647
1,All Population,2,DALYs (Disability-Adjusted Life Years),186,Seychelles,3,Both,22,All ages,294,All causes,2,Percent,2023,1.0,1.0,1.0
1,All Population,2,DALYs (Disability-Adjusted Life Years),186,Seychelles,3,Both,22,All ages,294,All causes,3,Rate,2023,31112.567914345025,34402.38266581639,28385.922165095806
1,All Population,2,DALYs (Disability-Adjusted Life Years),164,Nepal,3,Both,22,All ages,294,All causes,1,Number,2023,9657967.151925111,10731940.568001252,8717030.930088645
1,All Population,2,DALYs (Disability-Adjusted Life Years),164,Nepal,3,Both,22,All ages,294,All causes,2,Percent,2023,1.0,1.0,1.0
1,All Population,2,DALYs (Disability-Adjusted Life Years),164,Nepal,3,Both,22,All ages,294,All causes,3,Rate,2023,31090.976225196602,34548.31682497913,28061.90962739683
1,All Population,2,DALYs (Disability-Adjusted Life Years),71,Australia,3,Both,22,All ages,294,All causes,1,Number,2023,7298786.940885651,8383130.370443912,6324347.331525872
1,All Population,2,DALYs (Disability-Adjusted Life Years),71,Australia,3,Both,22,All ages,294,All causes,2,Percent,2023,1.0,1.0,1.0
1,All Population,2,DALYs (Disability-Adjusted Life Years),71,Australia,3,Both,22,All ages,294,All causes,3,Rate,2023,27082.778024488034,31106.327779109997,23467.035867290957
1,All Population,2,DALYs (Disability-Adjusted Life Years),13,Malaysia,3,Both,22,All ages,294,All causes,1,Number,2023,8490486.322385881,9425331.55359439,7641233.928686151
1,All Population,2,DALYs (Disability-Adjusted Life Years),13,Malaysia,3,Both,22,All ages,294,All causes,2,Percent,2023,1.0,1.0,1.0
1,All Population,2,DALYs (Disability-Adjusted Life Years),13,Malaysia,3,Both,22,All ages,294,All causes,3,Rate,2023,24851.59902103796,27587.88501816265,22365.84271044399
1,All Population,2,DALYs (Disability-Adjusted Life Years),140,Bahrain,3,Both,22,All ages,294,All causes,1,Number,2023,324928.7946481572,379283.5443689348,279805.2070548042
1,All Population,2,DALYs (Disability-Adjusted Life Years),140,Bahrain,3,Both,22,All ages,294,All causes,2,Percent,2023,1.0,1.0,1.0
1,All Population,2,DALYs (Disability-Adjusted Life Years),140,Bahrain,3,Both,22,All ages,294,All causes,3,Rate,2023,20747.057823288887,24217.667858476674,17865.867555103316
1,All Population,2,DALYs (Disability-Adjusted Life Years),212,Mauritania,3,Both,22,All ages,294,All causes,1,Number,2023,1708422.306518775,1845032.3561446094,1595153.2372350786
1,All Population,2,DALYs (Disability-Adjusted Life Years),212,Mauritania,3,Both,22,All ages,294,All causes,2,Percent,2023,1.0,1.0,1.0
1,All Population,2,DALYs (Disability-Adjusted Life Years),212,Mauritania,3,Both,22,All ages,294,All causes,3,Rate,2023,37153.49546615131,40124.38904441799,34690.20413822301
1,All Population,2,DALYs (Disability-Adjusted Life Years),48,Hungary,3,Both,22,All ages,294,All causes,1,Number,2023,3909018.4232117655,4306303.751051122,3569696.097794273
1,All Population,2,DALYs (Disability-Adjusted Life Years),48,Hungary,3,Both,22,All ages,294,All causes,2,Percent,2023,1.0,1.0,1.0
1,All Population,2,DALYs (Disability-Adjusted Life Years),48,Hungary,3,Both,22,All ages,294,All causes,3,Rate,2023,40607.229405659025,44734.26455885232,37082.31905249455
1,All Population,2,DALYs (Disability-Adjusted Life Years),61,Republic of Moldova,3,Both,22,All ages,294,All causes,1,Number,2023,1384207.727256754,1519976.7082653204,1255702.5830896066
1,All Population,2,DALYs (Disability-Adjusted Life Years),61,Republic of Moldova,3,Both,22,All ages,294,All causes,2,Percent,2023,1.0,1.0,1.0
1,All Population,2,DALYs (Disability-Adjusted Life Years),61,Republic of Moldova,3,Both,22,All ages,294,All causes,3,Rate,2023,38357.78623252169,42120.08104419333,34796.7796345369
1,All Population,2,DALYs (Disability-Adjusted Life Years),60,Lithuania,3,Both,22,All ages,294,All causes,1,Number,2023,1194728.542203751,1311529.490697255,1088494.913154048
1,All Population,2,DALYs (Disability-Adjusted Life Years),60,Lithuania,3,Both,22,All ages,294,All causes,2,Percent,2023,1.0,1.0,1.0
1,All Population,2,DALYs (Disability-Adjusted Life Years),60,Lithuania,3,Both,22,All ages,294,All causes,3,Rate,2023,42081.56551268139,46195.61032900962,38339.73022325332
1,All Population,2,DALYs (Disability-Adjusted Life Years),107,Barbados,3,Both,22,All ages,294,All causes,1,Number,2023,112395.65021448708,125061.96457132947,101206.72043462415
1,All Population,2,DALYs (Disability-Adjusted Life Years),107,Barbados,3,Both,22,All ages,294,All causes,2,Percent,2023,1.0,1.0,1.0
1,All Population,2,DALYs (Disability-Adjusted Life Years),107,Barbados,3,Both,22,All ages,294,All causes,3,Rate,2023,37341.257127504075,41549.392409910964,33623.95398370681
1,All Population,2,DALYs (Disability-Adjusted Life Years),117,Saint Vincent and the Grenadines,3,Both,22,All ages,294,All causes,1,Number,2023,41664.5095547915,46992.62915709707,37265.26720235142
1,All Population,2,DALYs (Disability-Adjusted Life Years),117,Saint Vincent and the Grenadines,3,Both,22,All ages,294,All causes,2,Percent,2023,1.0,1.0,1.0
1,All Population,2,DALYs (Disability-Adjusted Life Years),117,Saint Vincent and the Grenadines,3,Both,22,All ages,294,All causes,3,Rate,2023,35889.39307060023,40478.98216639514,32099.929575489976
1,All Population,2,DALYs (Disability-Adjusted Life Years),15,Myanmar,3,Both,22,All ages,294,All causes,1,Number,2023,26275065.695473935,28442671.776581928,24273681.70021643
1,All Population,2,DALYs (Disability-Adjusted Life Years),15,Myanmar,3,Both,22,All ages,294,All causes,2,Percent,2023,1.0,1.0,1.0
1,All Population,2,DALYs (Disability-Adjusted Life Years),15,Myanmar,3,Both,22,All ages,294,All causes,3,Rate,2023,45686.52313144748,49455.510296395514,42206.559379730184
1,All Population,2,DALYs (Disability-Adjusted Life Years),187,Somalia,3,Both,22,All ages,294,All causes,1,Number,2023,13234404.746111041,13903415.704250798,12580946.59939801
1,All Population,2,DALYs (Disability-Adjusted Life Years),187,Somalia,3,Both,22,All ages,294,All causes,2,Percent,2023,1.0,1.0,1.0
1,All Population,2,DALYs (Disability-Adjusted Life Years),187,Somalia,3,Both,22,All ages,294,All causes,3,Rate,2023,60502.376613678556,63560.825688235134,57515.02873879018
1,All Population,2,DALYs (Disability-Adjusted Life Years),153,Syrian Arab Republic,3,Both,22,All ages,294,All causes,1,Number,2023,5086531.287742578,5834276.679450757,4504841.0002294835
1,All Population,2,DALYs (Disability-Adjusted Life Years),153,Syrian Arab Republic,3,Both,22,All ages,294,All causes,2,Percent,2023,1.0,1.0,1.0
1,All Population,2,DALYs (Disability-Adjusted Life Years),153,Syrian Arab Republic,3,Both,22,All ages,294,All causes,3,Rate,2023,28605.732929429832,32810.917910000106,25334.411852069923
1,All Population,2,DALYs (Disability-Adjusted Life Years),26,Papua New Guinea,3,Both,22,All ages,294,All causes,1,Number,2023,4339179.95232988,4702806.161688177,4003358.2610012656
1,All Population,2,DALYs (Disability-Adjusted Life Years),26,Papua New Guinea,3,Both,22,All ages,294,All causes,2,Percent,2023,1.0,1.0,1.0
1,All Population,2,DALYs (Disability-Adjusted Life Years),26,Papua New Guinea,3,Both,22,All ages,294,All causes,3,Rate,2023,39068.28939684593,42342.2384230577,36044.681441725304
1,All Population,2,DALYs (Disability-Adjusted Life Years),37,Kyrgyzstan,3,Both,22,All ages,294,All causes,1,Number,2023,1769585.9100467644,1984962.4434520907,1595566.7020517925
1,All Population,2,DALYs (Disability-Adjusted Life Years),37,Kyrgyzstan,3,Both,22,All ages,294,All causes,2,Percent,2023,1.0,1.0,1.0
1,All Population,2,DALYs (Disability-Adjusted Life Years),37,Kyrgyzstan,3,Both,22,All ages,294,All causes,3,Rate,2023,24406.853645313688,27377.41500637243,22006.709455143013
1,All Population,2,DALYs (Disability-Adjusted Life Years),129,Honduras,3,Both,22,All ages,294,All causes,1,Number,2023,2641822.702676659,2976316.7139042066,2330362.621627951
1,All Population,2,DALYs (Disability-Adjusted Life Years),129,Honduras,3,Both,22,All ages,294,All causes,2,Percent,2023,1.0,1.0,1.0
1,All Population,2,DALYs (Disability-Adjusted Life Years),129,Honduras,3,Both,22,All ages,294,All causes,3,Rate,2023,24653.400984387456,27774.887894661126,21746.86593911596
1,All Population,2,DALYs (Disability-Adjusted Life Years),49,North Macedonia,3,Both,22,All ages,294,All causes,1,Number,2023,666765.1494874514,741339.4466255226,607139.6412198215
1,All Population,2,DALYs (Disability-Adjusted Life Years),49,North Macedonia,3,Both,22,All ages,294,All causes,2,Percent,2023,1.0,1.0,1.0
1,All Population,2,DALYs (Disability-Adjusted Life Years),49,North Macedonia,3,Both,22,All ages,294,All causes,3,Rate,2023,36000.05921116155,40026.48307969316,32780.75203864311
1,All Population,2,DALYs (Disability-Adjusted Life Years),131,Nicaragua,3,Both,22,All ages,294,All causes,1,Number,2023,1735476.5660834033,1962811.7616876818,1531437.0216780908
1,All Population,2,DALYs (Disability-Adjusted Life Years),131,Nicaragua,3,Both,22,All ages,294,All causes,2,Percent,2023,1.0,1.0,1.0
1,All Population,2,DALYs (Disability-Adjusted Life Years),131,Nicaragua,3,Both,22,All ages,294,All causes,3,Rate,2023,25480.58431436113,28818.361229603106,22484.83841015885
1,All Population,2,DALYs (Disability-Adjusted Life Years),154,Tunisia,3,Both,22,All ages,294,All causes,1,Number,2023,3639176.5203420827,4078815.002895703,3273530.1434360254
1,All Population,2,DALYs (Disability-Adjusted Life Years),154,Tunisia,3,Both,22,All ages,294,All causes,2,Percent,2023,1.0,1.0,1.0
1,All Population,2,DALYs (Disability-Adjusted Life Years),154,Tunisia,3,Both,22,All ages,294,All causes,3,Rate,2023,30385.179235603395,34055.925630176396,27332.227383162004
1,All Population,2,DALYs (Disability-Adjusted Life Years),39,Tajikistan,3,Both,22,All ages,294,All causes,1,Number,2023,2808124.297307497,3140912.255235078,2554961.648579471
1,All Population,2,DALYs (Disability-Adjusted Life Years),39,Tajikistan,3,Both,22,All ages,294,All causes,2,Percent,2023,1.0,1.0,1.0
1,All Population,2,DALYs (Disability-Adjusted Life Years),39,Tajikistan,3,Both,22,All ages,294,All causes,3,Rate,2023,26277.85061031923,29392.011992605265,23908.80652285967
1,All Population,2,DALYs (Disability-Adjusted Life Years),106,Bahamas,3,Both,22,All ages,294,All causes,1,Number,2023,146835.04772051354,163011.22098162453,133477.4278406131
1,All Population,2,DALYs (Disability-Adjusted Life Years),106,Bahamas,3,Both,22,All ages,294,All causes,2,Percent,2023,1.0,1.0,1.0
1,All Population,2,DALYs (Disability-Adjusted Life Years),106,Bahamas,3,Both,22,All ages,294,All causes,3,Rate,2023,35565.94469169981,39484.08884365394,32330.50208289197
1,All Population,2,DALYs (Disability-Adjusted Life Years),175,Burundi,3,Both,22,All ages,294,All causes,1,Number,2023,8344456.721008052,8772779.51879882,7905204.432618147
1,All Population,2,DALYs (Disability-Adjusted Life Years),175,Burundi,3,Both,22,All ages,294,All causes,2,Percent,2023,1.0,1.0,1.0
1,All Population,2,DALYs (Disability-Adjusted Life Years),175,Burundi,3,Both,22,All ages,294,All causes,3,Rate,2023,58456.0815570902,61456.64507339226,55378.95281728689
1,All Population,2,DALYs (Disability-Adjusted Life Years),38,Mongolia,3,Both,22,All ages,294,All causes,1,Number,2023,991124.3294055247,1104656.4558080488,888394.6663445404
1,All Population,2,DALYs (Disability-Adjusted Life Years),38,Mongolia,3,Both,22,All ages,294,All causes,2,Percent,2023,1.0,1.0,1.0
1,All Population,2,DALYs (Disability-Adjusted Life Years),38,Mongolia,3,Both,22,All ages,294,All causes,3,Rate,2023,28626.362165215884,31905.478287544436,25659.250519739275
1,All Population,2,DALYs (Disability-Adjusted Life Years),51,Poland,3,Both,22,All ages,294,All causes,1,Number,2023,13753809.712692639,15348614.597776998,12358718.434830733
1,All Population,2,DALYs (Disability-Adjusted Life Years),51,Poland,3,Both,22,All ages,294,All causes,2,Percent,2023,1.0,1.0,1.0
1,All Population,2,DALYs (Disability-Adjusted Life Years),51,Poland,3,Both,22,All ages,294,All causes,3,Rate,2023,35247.42186919817,39334.49023482715,31672.167314712242
1,All Population,2,DALYs (Disability-Adjusted Life Years),165,Pakistan,3,Both,22,All ages,294,All causes,1,Number,2023,88741063.13284041,96779128.24265209,81646530.67641225
1,All Population,2,DALYs (Disability-Adjusted Life Years),165,Pakistan,3,Both,22,All ages,294,All causes,2,Percent,2023,1.0,1.0,1.0
1,All Population,2,DALYs (Disability-Adjusted Life Years),165,Pakistan,3,Both,22,All ages,294,All causes,3,Rate,2023,36376.647550209615,39671.603134047466,33468.463924837866
1,All Population,2,DALYs (Disability-Adjusted Life Years),28,Solomon Islands,3,Both,22,All ages,294,All causes,1,Number,2023,319048.9466729031,342746.04490040056,298327.8915048633
1,All Population,2,DALYs (Disability-Adjusted Life Years),28,Solomon Islands,3,Both,22,All ages,294,All causes,2,Percent,2023,1.0,1.0,1.0
1,All Population,2,DALYs (Disability-Adjusted Life Years),28,Solomon Islands,3,Both,22,All ages,294,All causes,3,Rate,2023,37108.932699967394,39865.16816941176,34698.844060836316
1,All Population,2,DALYs (Disability-Adjusted Life Years),50,Montenegro,3,Both,22,All ages,294,All causes,1,Number,2023,229336.75797182813,255497.4807861793,207807.81303075457
1,All Population,2,DALYs (Disability-Adjusted Life Years),50,Montenegro,3,Both,22,All ages,294,All causes,2,Percent,2023,1.0,1.0,1.0
1,All Population,2,DALYs (Disability-Adjusted Life Years),50,Montenegro,3,Both,22,All ages,294,All causes,3,Rate,2023,35063.84346255381,39063.61871769345,31772.23176452642
1,All Population,2,DALYs (Disability-Adjusted Life Years),119,Trinidad and Tobago,3,Both,22,All ages,294,All causes,1,Number,2023,549826.4443475562,611689.2215480123,502029.9472076428
1,All Population,2,DALYs (Disability-Adjusted Life Years),119,Trinidad and Tobago,3,Both,22,All ages,294,All causes,2,Percent,2023,1.0,1.0,1.0
1,All Population,2,DALYs (Disability-Adjusted Life Years),119,Trinidad and Tobago,3,Both,22,All ages,294,All causes,3,Rate,2023,39639.21108568887,44099.148778765244,36193.368386118884
1,All Population,2,DALYs (Disability-Adjusted Life Years),62,Russian Federation,3,Both,22,All ages,294,All causes,1,Number,2023,65641386.99812779,71906767.42670527,60176188.081988014
1,All Population,2,DALYs (Disability-Adjusted Life Years),62,Russian Federation,3,Both,22,All ages,294,All causes,2,Percent,2023,1.0,1.0,1.0
1,All Population,2,DALYs (Disability-Adjusted Life Years),62,Russian Federation,3,Both,22,All ages,294,All causes,3,Rate,2023,44162.05671195808,48377.26450177402,40485.193142887234
1,All Population,2,DALYs (Disability-Adjusted Life Years),201,Burkina Faso,3,Both,22,All ages,294,All causes,1,Number,2023,11401230.905436883,12167498.483135417,10643397.917503487
1,All Population,2,DALYs (Disability-Adjusted Life Years),201,Burkina Faso,3,Both,22,All ages,294,All causes,2,Percent,2023,1.0,1.0,1.0
1,All Population,2,DALYs (Disability-Adjusted Life Years),201,Burkina Faso,3,Both,22,All ages,294,All causes,3,Rate,2023,46975.922601605766,50133.136653372865,43853.461169031325
1,All Population,2,DALYs (Disability-Adjusted Life Years),17,Sri Lanka,3,Both,22,All ages,294,All causes,1,Number,2023,6779825.462840675,7503716.165247784,6137521.576879781
1,All Population,2,DALYs (Disability-Adjusted Life Years),17,Sri Lanka,3,Both,22,All ages,294,All causes,2,Percent,2023,1.0,1.0,1.0
1,All Population,2,DALYs (Disability-Adjusted Life Years),17,Sri Lanka,3,Both,22,All ages,294,All causes,3,Rate,2023,29926.289939193568,33121.558484564775,27091.147290509103
1,All Population,2,DALYs (Disability-Adjusted Life Years),95,United Kingdom,3,Both,22,All ages,294,All causes,1,Number,2023,22303081.675028436,25132823.144093536,19774509.111110087
1,All Population,2,DALYs (Disability-Adjusted Life Years),95,United Kingdom,3,Both,22,All ages,294,All causes,2,Percent,2023,1.0,1.0,1.0
1,All Population,2,DALYs (Disability-Adjusted Life Years),95,United Kingdom,3,Both,22,All ages,294,All causes,3,Rate,2023,32245.891823636575,36337.144262643546,28590.070688586078
1,All Population,2,DALYs (Disability-Adjusted Life Years),142,Iran (Islamic Republic of),3,Both,22,All ages,294,All causes,1,Number,2023,21605611.263688847,24934256.109445773,18862075.81979249
1,All Population,2,DALYs (Disability-Adjusted Life Years),142,Iran (Islamic Republic of),3,Both,22,All ages,294,All causes,2,Percent,2023,1.0,1.0,1.0
1,All Population,2,DALYs (Disability-Adjusted Life Years),142,Iran (Islamic Republic of),3,Both,22,All ages,294,All causes,3,Rate,2023,24572.68581942473,28358.449758290793,21452.383705564916
1,All Population,2,DALYs (Disability-Adjusted Life Years),215,Sao Tome and Principe,3,Both,22,All ages,294,All causes,1,Number,2023,69556.87015866819,76132.26409683953,63874.5320522989
1,All Population,2,DALYs (Disability-Adjusted Life Years),215,Sao Tome and Principe,3,Both,22,All ages,294,All causes,2,Percent,2023,1.0,1.0,1.0
1,All Population,2,DALYs (Disability-Adjusted Life Years),215,Sao Tome and Principe,3,Both,22,All ages,294,All causes,3,Rate,2023,31331.847627460163,34293.72961685032,28772.242065704067
1,All Population,2,DALYs (Disability-Adjusted Life Years),176,Comoros,3,Both,22,All ages,294,All causes,1,Number,2023,272142.06866954407,301364.0883534157,249433.70850495208
1,All Population,2,DALYs (Disability-Adjusted Life Years),176,Comoros,3,Both,22,All ages,294,All causes,2,Percent,2023,1.0,1.0,1.0
1,All Population,2,DALYs (Disability-Adjusted Life Years),176,Comoros,3,Both,22,All ages,294,All causes,3,Rate,2023,30845.721989285274,34157.868103044144,28271.861329322
1,All Population,2,DALYs (Disability-Adjusted Life Years),118,Suriname,3,Both,22,All ages,294,All causes,1,Number,2023,216181.9291360822,239877.98489179963,197130.71308602396
1,All Population,2,DALYs (Disability-Adjusted Life Years),118,Suriname,3,Both,22,All ages,294,All causes,2,Percent,2023,1.0,1.0,1.0
1,All Population,2,DALYs (Disability-Adjusted Life Years),118,Suriname,3,Both,22,All ages,294,All causes,3,Rate,2023,36404.42069831488,40394.76894837073,33196.25021583097
1,All Population,2,DALYs (Disability-Adjusted Life Years),214,Nigeria,3,Both,22,All ages,294,All causes,1,Number,2023,132934307.09337343,140653410.5638569,125155404.05717985
1,All Population,2,DALYs (Disability-Adjusted Life Years),214,Nigeria,3,Both,22,All ages,294,All causes,2,Percent,2023,1.0,1.0,1.0
1,All Population,2,DALYs (Disability-Adjusted Life Years),214,Nigeria,3,Both,22,All ages,294,All causes,3,Rate,2023,54295.82226658995,57448.62066193872,51118.599276398745
1,All Population,2,DALYs (Disability-Adjusted Life Years),97,Argentina,3,Both,22,All ages,294,All causes,1,Number,2023,13954322.514970133,15525309.804687547,12555122.080757855
1,All Population,2,DALYs (Disability-Adjusted Life Years),97,Argentina,3,Both,22,All ages,294,All causes,2,Percent,2023,1.0,1.0,1.0
1,All Population,2,DALYs (Disability-Adjusted Life Years),97,Argentina,3,Both,22,All ages,294,All causes,3,Rate,2023,29388.675285903402,32697.27269622241,26441.87172902375
1,All Population,2,DALYs (Disability-Adjusted Life Years),177,Djibouti,3,Both,22,All ages,294,All causes,1,Number,2023,554265.1420610289,601849.9603948225,512783.3440510409
1,All Population,2,DALYs (Disability-Adjusted Life Years),177,Djibouti,3,Both,22,All ages,294,All causes,2,Percent,2023,1.0,1.0,1.0
1,All Population,2,DALYs (Disability-Adjusted Life Years),177,Djibouti,3,Both,22,All ages,294,All causes,3,Rate,2023,39888.1193434299,43312.59757342619,36902.84968809901
1,All Population,2,DALYs (Disability-Adjusted Life Years),19,Timor-Leste,3,Both,22,All ages,294,All causes,1,Number,2023,492415.23579112126,533043.8180826756,451126.7807351104
1,All Population,2,DALYs (Disability-Adjusted Life Years),19,Timor-Leste,3,Both,22,All ages,294,All causes,2,Percent,2023,1.0,1.0,1.0
1,All Population,2,DALYs (Disability-Adjusted Life Years),19,Timor-Leste,3,Both,22,All ages,294,All causes,3,Rate,2023,34320.83403494153,37152.604314476244,31443.071304347188
1,All Population,2,DALYs (Disability-Adjusted Life Years),168,Angola,3,Both,22,All ages,294,All causes,1,Number,2023,17552980.077645924,18764733.060617696,16395667.35854875
1,All Population,2,DALYs (Disability-Adjusted Life Years),168,Angola,3,Both,22,All ages,294,All causes,2,Percent,2023,1.0,1.0,1.0
1,All Population,2,DALYs (Disability-Adjusted Life Years),168,Angola,3,Both,22,All ages,294,All causes,3,Rate,2023,48652.57946089073,52011.26317329839,45444.79088152111
1,All Population,2,DALYs (Disability-Adjusted Life Years),6,China,3,Both,22,All ages,294,All causes,1,Number,2023,391573353.15620923,443174307.9319865,341041120.0095943
1,All Population,2,DALYs (Disability-Adjusted Life Years),6,China,3,Both,22,All ages,294,All causes,2,Percent,2023,1.0,1.0,1.0
1,All Population,2,DALYs (Disability-Adjusted Life Years),6,China,3,Both,22,All ages,294,All causes,3,Rate,2023,27370.404975469144,30977.2362829368,23838.27574760027
1,All Population,2,DALYs (Disability-Adjusted Life Years),84,Ireland,3,Both,22,All ages,294,All causes,1,Number,2023,1356507.3752658097,1563632.5130889125,1181649.644868434
1,All Population,2,DALYs (Disability-Adjusted Life Years),84,Ireland,3,Both,22,All ages,294,All causes,2,Percent,2023,1.0,1.0,1.0
1,All Population,2,DALYs (Disability-Adjusted Life Years),84,Ireland,3,Both,22,All ages,294,All causes,3,Rate,2023,25472.44766658214,29361.836202047143,22188.97537011068
1,All Population,2,DALYs (Disability-Adjusted Life Years),109,Cuba,3,Both,22,All ages,294,All causes,1,Number,2023,3951967.713748221,4457613.21923334,3519485.8731896244
1,All Population,2,DALYs (Disability-Adjusted Life Years),109,Cuba,3,Both,22,All ages,294,All causes,2,Percent,2023,1.0,1.0,1.0
1,All Population,2,DALYs (Disability-Adjusted Life Years),109,Cuba,3,Both,22,All ages,294,All causes,3,Rate,2023,34926.58487652127,39395.36396176524,31104.40949303424
1,All Population,2,DALYs (Disability-Adjusted Life Years),40,Turkmenistan,3,Both,22,All ages,294,All causes,1,Number,2023,1827503.8819032253,2018953.260255444,1665848.2977803843
1,All Population,2,DALYs (Disability-Adjusted Life Years),40,Turkmenistan,3,Both,22,All ages,294,All causes,2,Percent,2023,1.0,1.0,1.0
1,All Population,2,DALYs (Disability-Adjusted Life Years),40,Turkmenistan,3,Both,22,All ages,294,All causes,3,Rate,2023,32581.054060181395,35994.24656152135,29699.03045542093
1,All Population,2,DALYs (Disability-Adjusted Life Years),217,Sierra Leone,3,Both,22,All ages,294,All causes,1,Number,2023,5296339.030182027,5608649.319916315,5005340.237094218
1,All Population,2,DALYs (Disability-Adjusted Life Years),217,Sierra Leone,3,Both,22,All ages,294,All causes,2,Percent,2023,1.0,1.0,1.0
1,All Population,2,DALYs (Disability-Adjusted Life Years),217,Sierra Leone,3,Both,22,All ages,294,All causes,3,Rate,2023,66089.90546567558,69987.04222502452,62458.702361757576
1,All Population,2,DALYs (Disability-Adjusted Life Years),29,Tonga,3,Both,22,All ages,294,All causes,1,Number,2023,31362.015545180908,35153.49941827021,28362.508065215527
1,All Population,2,DALYs (Disability-Adjusted Life Years),29,Tonga,3,Both,22,All ages,294,All causes,2,Percent,2023,1.0,1.0,1.0
1,All Population,2,DALYs (Disability-Adjusted Life Years),29,Tonga,3,Both,22,All ages,294,All causes,3,Rate,2023,30040.134840382005,33671.81108353208,27167.053898786082
1,All Population,2,DALYs (Disability-Adjusted Life Years),144,Jordan,3,Both,22,All ages,294,All causes,1,Number,2023,2700506.438861986,3114102.10406827,2353233.7991071413
1,All Population,2,DALYs (Disability-Adjusted Life Years),144,Jordan,3,Both,22,All ages,294,All causes,2,Percent,2023,1.0,1.0,1.0
1,All Population,2,DALYs (Disability-Adjusted Life Years),144,Jordan,3,Both,22,All ages,294,All causes,3,Rate,2023,20458.212822777503,23591.487389208116,17827.381261188522
1,All Population,2,DALYs (Disability-Adjusted Life Years),133,Venezuela (Bolivarian Republic of),3,Both,22,All ages,294,All causes,1,Number,2023,9769035.055044414,10772897.710156908,8934765.619763266
1,All Population,2,DALYs (Disability-Adjusted Life Years),133,Venezuela (Bolivarian Republic of),3,Both,22,All ages,294,All causes,2,Percent,2023,1.0,1.0,1.0
1,All Population,2,DALYs (Disability-Adjusted Life Years),133,Venezuela (Bolivarian Republic of),3,Both,22,All ages,294,All causes,3,Rate,2023,38079.2165369055,41992.22362531825,34827.27544986962
1,All Population,2,DALYs (Disability-Adjusted Life Years),75,Austria,3,Both,22,All ages,294,All causes,1,Number,2023,2791517.859971629,3159820.522326952,2481909.0909343194
1,All Population,2,DALYs (Disability-Adjusted Life Years),75,Austria,3,Both,22,All ages,294,All causes,2,Percent,2023,1.0,1.0,1.0
1,All Population,2,DALYs (Disability-Adjusted Life Years),75,Austria,3,Both,22,All ages,294,All causes,3,Rate,2023,30801.580332861715,34865.42825015913,27385.360251304326
1,All Population,2,DALYs (Disability-Adjusted Life Years),30,Vanuatu,3,Both,22,All ages,294,All causes,1,Number,2023,98797.02647032996,106802.45340528134,91386.43414874672
1,All Population,2,DALYs (Disability-Adjusted Life Years),30,Vanuatu,3,Both,22,All ages,294,All causes,2,Percent,2023,1.0,1.0,1.0
1,All Population,2,DALYs (Disability-Adjusted Life Years),30,Vanuatu,3,Both,22,All ages,294,All causes,3,Rate,2023,29937.59742087785,32363.41181350839,27692.030550093194
1,All Population,2,DALYs (Disability-Adjusted Life Years),216,Senegal,3,Both,22,All ages,294,All causes,1,Number,2023,6819079.478755921,7371485.323938318,6291935.284108277
1,All Population,2,DALYs (Disability-Adjusted Life Years),216,Senegal,3,Both,22,All ages,294,All causes,2,Percent,2023,1.0,1.0,1.0
1,All Population,2,DALYs (Disability-Adjusted Life Years),216,Senegal,3,Both,22,All ages,294,All causes,3,Rate,2023,36399.654743843996,39348.349227573504,33585.80475937417
1,All Population,2,DALYs (Disability-Adjusted Life Years),190,Uganda,3,Both,22,All ages,294,All causes,1,Number,2023,20577281.68264984,21969378.65440908,19350403.027152948
1,All Population,2,DALYs (Disability-Adjusted Life Years),190,Uganda,3,Both,22,All ages,294,All causes,2,Percent,2023,1.0,1.0,1.0
1,All Population,2,DALYs (Disability-Adjusted Life Years),190,Uganda,3,Both,22,All ages,294,All causes,3,Rate,2023,45123.78520373633,48176.50546607306,42433.371096786046
1,All Population,2,DALYs (Disability-Adjusted Life Years),77,Cyprus,3,Both,22,All ages,294,All causes,1,Number,2023,355376.174311277,407635.0869564086,308930.1476997968
1,All Population,2,DALYs (Disability-Adjusted Life Years),77,Cyprus,3,Both,22,All ages,294,All causes,2,Percent,2023,1.0,1.0,1.0
1,All Population,2,DALYs (Disability-Adjusted Life Years),77,Cyprus,3,Both,22,All ages,294,All causes,3,Rate,2023,25977.14823405069,29797.149737988915,22582.054793959047
1,All Population,2,DALYs (Disability-Adjusted Life Years),8,Taiwan,3,Both,22,All ages,294,All causes,1,Number,2023,7379052.337669664,8269858.720839042,6593014.668862606
1,All Population,2,DALYs (Disability-Adjusted Life Years),8,Taiwan,3,Both,22,All ages,294,All causes,2,Percent,2023,1.0,1.0,1.0
1,All Population,2,DALYs (Disability-Adjusted Life Years),8,Taiwan,3,Both,22,All ages,294,All causes,3,Rate,2023,31784.003088768037,35620.99888965313,28398.280566417507
1,All Population,2,DALYs (Disability-Adjusted Life Years),155,Türkiye,3,Both,22,All ages,294,All causes,1,Number,2023,25525041.578547202,28836292.353422523,22578082.06454421
1,All Population,2,DALYs (Disability-Adjusted Life Years),155,Türkiye,3,Both,22,All ages,294,All causes,2,Percent,2023,1.0,1.0,1.0
1,All Population,2,DALYs (Disability-Adjusted Life Years),155,Türkiye,3,Both,22,All ages,294,All causes,3,Rate,2023,29726.76354059459,33583.08512602376,26294.699840839432
1,All Population,2,DALYs (Disability-Adjusted Life Years),86,Italy,3,Both,22,All ages,294,All causes,1,Number,2023,19083194.337222,21479790.649117693,17020708.433885247
1,All Population,2,DALYs (Disability-Adjusted Life Years),86,Italy,3,Both,22,All ages,294,All causes,2,Percent,2023,1.0,1.0,1.0
1,All Population,2,DALYs (Disability-Adjusted Life Years),86,Italy,3,Both,22,All ages,294,All causes,3,Rate,2023,32402.572410978482,36471.90609609507,28900.546091457145
1,All Population,2,DALYs (Disability-Adjusted Life Years),108,Belize,3,Both,22,All ages,294,All causes,1,Number,2023,114780.89036081478,128795.68737539327,103668.73078381762
1,All Population,2,DALYs (Disability-Adjusted Life Years),108,Belize,3,Both,22,All ages,294,All causes,2,Percent,2023,1.0,1.0,1.0
1,All Population,2,DALYs (Disability-Adjusted Life Years),108,Belize,3,Both,22,All ages,294,All causes,3,Rate,2023,27749.51792986344,31137.746230035347,25063.033529437
1,All Population,2,DALYs (Disability-Adjusted Life Years),99,Uruguay,3,Both,22,All ages,294,All causes,1,Number,2023,1164841.0943435605,1293634.5356505131,1058281.3010400212
1,All Population,2,DALYs (Disability-Adjusted Life Years),99,Uruguay,3,Both,22,All ages,294,All causes,2,Percent,2023,1.0,1.0,1.0
1,All Population,2,DALYs (Disability-Adjusted Life Years),99,Uruguay,3,Both,22,All ages,294,All causes,3,Rate,2023,34235.44395411377,38020.767688770015,31103.58172061218
1,All Population,2,DALYs (Disability-Adjusted Life Years),180,Kenya,3,Both,22,All ages,294,All causes,1,Number,2023,17534465.90596783,19038657.225867763,16202931.982060367
1,All Population,2,DALYs (Disability-Adjusted Life Years),180,Kenya,3,Both,22,All ages,294,All causes,2,Percent,2023,1.0,1.0,1.0
1,All Population,2,DALYs (Disability-Adjusted Life Years),180,Kenya,3,Both,22,All ages,294,All causes,3,Rate,2023,33645.413848561526,36531.68023026081,31090.445241960402
1,All Population,2,DALYs (Disability-Adjusted Life Years),203,Cabo Verde,3,Both,22,All ages,294,All causes,1,Number,2023,136804.80482603627,153491.59025981592,123165.22895005898
1,All Population,2,DALYs (Disability-Adjusted Life Years),203,Cabo Verde,3,Both,22,All ages,294,All causes,2,Percent,2023,1.0,1.0,1.0
1,All Population,2,DALYs (Disability-Adjusted Life Years),203,Cabo Verde,3,Both,22,All ages,294,All causes,3,Rate,2023,27654.33699443859,31027.47866388823,24897.171935688348
1,All Population,2,DALYs (Disability-Adjusted Life Years),122,Ecuador,3,Both,22,All ages,294,All causes,1,Number,2023,5234577.83578268,5795260.028801198,4733601.298490073
1,All Population,2,DALYs (Disability-Adjusted Life Years),122,Ecuador,3,Both,22,All ages,294,All causes,2,Percent,2023,1.0,1.0,1.0
1,All Population,2,DALYs (Disability-Adjusted Life Years),122,Ecuador,3,Both,22,All ages,294,All causes,3,Rate,2023,29479.33740610072,32636.906185114567,26658.010292683048
1,All Population,2,DALYs (Disability-Adjusted Life Years),178,Eritrea,3,Both,22,All ages,294,All causes,1,Number,2023,3764512.7444722448,4015560.3727064775,3534333.837392734
1,All Population,2,DALYs (Disability-Adjusted Life Years),178,Eritrea,3,Both,22,All ages,294,All causes,2,Percent,2023,1.0,1.0,1.0
1,All Population,2,DALYs (Disability-Adjusted Life Years),178,Eritrea,3,Both,22,All ages,294,All causes,3,Rate,2023,53593.49161562541,57167.53157037129,50316.549242466004
1,All Population,2,DALYs (Disability-Adjusted Life Years),79,Finland,3,Both,22,All ages,294,All causes,1,Number,2023,1839074.651703873,2062611.277093681,1638326.1392599917
1,All Population,2,DALYs (Disability-Adjusted Life Years),79,Finland,3,Both,22,All ages,294,All causes,2,Percent,2023,1.0,1.0,1.0
1,All Population,2,DALYs (Disability-Adjusted Life Years),79,Finland,3,Both,22,All ages,294,All causes,3,Rate,2023,33119.18947433773,37144.774756523046,29503.986570986075
1,All Population,2,DALYs (Disability-Adjusted Life Years),205,Côte d'Ivoire,3,Both,22,All ages,294,All causes,1,Number,2023,17159076.122415014,18256302.326059688,16184927.274625048
1,All Population,2,DALYs (Disability-Adjusted Life Years),205,Côte d'Ivoire,3,Both,22,All ages,294,All causes,2,Percent,2023,1.0,1.0,1.0
1,All Population,2,DALYs (Disability-Adjusted Life Years),205,Côte d'Ivoire,3,Both,22,All ages,294,All causes,3,Rate,2023,50712.391437373924,53955.16303752355,47833.365938859
1,All Population,2,DALYs (Disability-Adjusted Life Years),66,Brunei Darussalam,3,Both,22,All ages,294,All causes,1,Number,2023,106832.8965860949,120213.49096801522,95224.49429266185
1,All Population,2,DALYs (Disability-Adjusted Life Years),66,Brunei Darussalam,3,Both,22,All ages,294,All causes,2,Percent,2023,1.0,1.0,1.0
1,All Population,2,DALYs (Disability-Adjusted Life Years),66,Brunei Darussalam,3,Both,22,All ages,294,All causes,3,Rate,2023,23230.167271184902,26139.696597944167,20705.990396411693
1,All Population,2,DALYs (Disability-Adjusted Life Years),53,Serbia,3,Both,22,All ages,294,All causes,1,Number,2023,3512106.222832772,3869205.8016010458,3147386.759363883
1,All Population,2,DALYs (Disability-Adjusted Life Years),53,Serbia,3,Both,22,All ages,294,All causes,2,Percent,2023,1.0,1.0,1.0
1,All Population,2,DALYs (Disability-Adjusted Life Years),53,Serbia,3,Both,22,All ages,294,All causes,3,Rate,2023,39134.599245585014,43113.678470185405,35070.61338230797
1,All Population,2,DALYs (Disability-Adjusted Life Years),87,Luxembourg,3,Both,22,All ages,294,All causes,1,Number,2023,163014.29813886105,188095.3696185175,141168.9926594104
1,All Population,2,DALYs (Disability-Adjusted Life Years),87,Luxembourg,3,Both,22,All ages,294,All causes,2,Percent,2023,1.0,1.0,1.0
1,All Population,2,DALYs (Disability-Adjusted Life Years),87,Luxembourg,3,Both,22,All ages,294,All causes,3,Rate,2023,24742.12575421925,28548.902409305087,21426.470002038
1,All Population,2,DALYs (Disability-Adjusted Life Years),194,Lesotho,3,Both,22,All ages,294,All causes,1,Number,2023,1207311.4199473308,1283772.4300860437,1127182.9763345406
1,All Population,2,DALYs (Disability-Adjusted Life Years),194,Lesotho,3,Both,22,All ages,294,All causes,2,Percent,2023,1.0,1.0,1.0
1,All Population,2,DALYs (Disability-Adjusted Life Years),194,Lesotho,3,Both,22,All ages,294,All causes,3,Rate,2023,62912.74708761376,66897.11442933093,58737.27055003948
1,All Population,2,DALYs (Disability-Adjusted Life Years),156,United Arab Emirates,3,Both,22,All ages,294,All causes,1,Number,2023,1711192.164322209,2057080.2184187374,1418446.6857159613
1,All Population,2,DALYs (Disability-Adjusted Life Years),156,United Arab Emirates,3,Both,22,All ages,294,All causes,2,Percent,2023,1.0,1.0,1.0
1,All Population,2,DALYs (Disability-Adjusted Life Years),156,United Arab Emirates,3,Both,22,All ages,294,All causes,3,Rate,2023,16890.602198366312,20304.74682146626,14001.010060438859
1,All Population,2,DALYs (Disability-Adjusted Life Years),204,Chad,3,Both,22,All ages,294,All causes,1,Number,2023,14772593.645655805,15441690.726946468,14157886.13151393
1,All Population,2,DALYs (Disability-Adjusted Life Years),204,Chad,3,Both,22,All ages,294,All causes,2,Percent,2023,1.0,1.0,1.0
1,All Population,2,DALYs (Disability-Adjusted Life Years),204,Chad,3,Both,22,All ages,294,All causes,3,Rate,2023,76592.14815901191,80061.24668106106,73405.04573631329
1,All Population,2,DALYs (Disability-Adjusted Life Years),157,Yemen,3,Both,22,All ages,294,All causes,1,Number,2023,11246628.032002436,12673193.322338384,10092308.745549751
1,All Population,2,DALYs (Disability-Adjusted Life Years),157,Yemen,3,Both,22,All ages,294,All causes,2,Percent,2023,1.0,1.0,1.0
1,All Population,2,DALYs (Disability-Adjusted Life Years),157,Yemen,3,Both,22,All ages,294,All causes,3,Rate,2023,31635.94458414445,35648.768725061345,28388.928600801366
1,All Population,2,DALYs (Disability-Adjusted Life Years),98,Chile,3,Both,22,All ages,294,All causes,1,Number,2023,5170975.548360276,5897387.156880469,4535624.4549021935
1,All Population,2,DALYs (Disability-Adjusted Life Years),98,Chile,3,Both,22,All ages,294,All causes,2,Percent,2023,1.0,1.0,1.0
1,All Population,2,DALYs (Disability-Adjusted Life Years),98,Chile,3,Both,22,All ages,294,All causes,3,Rate,2023,26998.64257285439,30791.37514251968,23681.354196585333
1,All Population,2,DALYs (Disability-Adjusted Life Years),76,Belgium,3,Both,22,All ages,294,All causes,1,Number,2023,3555378.1811834923,4033975.6647964036,3156522.609350822
1,All Population,2,DALYs (Disability-Adjusted Life Years),76,Belgium,3,Both,22,All ages,294,All causes,2,Percent,2023,1.0,1.0,1.0
1,All Population,2,DALYs (Disability-Adjusted Life Years),76,Belgium,3,Both,22,All ages,294,All causes,3,Rate,2023,30620.536156561622,34742.43565770844,27185.410317294944
1,All Population,2,DALYs (Disability-Adjusted Life Years),18,Thailand,3,Both,22,All ages,294,All causes,1,Number,2023,23146624.497752666,25434151.686714653,21168923.225625798
1,All Population,2,DALYs (Disability-Adjusted Life Years),18,Thailand,3,Both,22,All ages,294,All causes,2,Percent,2023,1.0,1.0,1.0
1,All Population,2,DALYs (Disability-Adjusted Life Years),18,Thailand,3,Both,22,All ages,294,All causes,3,Rate,2023,35217.93705274542,38698.4440508664,32208.83484358048
1,All Population,2,DALYs (Disability-Adjusted Life Years),68,Republic of Korea,3,Both,22,All ages,294,All causes,1,Number,2023,13424606.870594854,15328919.531509738,11731639.220579812
1,All Population,2,DALYs (Disability-Adjusted Life Years),68,Republic of Korea,3,Both,22,All ages,294,All causes,2,Percent,2023,1.0,1.0,1.0
1,All Population,2,DALYs (Disability-Adjusted Life Years),68,Republic of Korea,3,Both,22,All ages,294,All causes,3,Rate,2023,25966.968913513305,29650.445691958077,22692.292882901427
1,All Population,2,DALYs (Disability-Adjusted Life Years),145,Kuwait,3,Both,22,All ages,294,All causes,1,Number,2023,860614.9628056202,1023321.1823174877,725221.8729189148
1,All Population,2,DALYs (Disability-Adjusted Life Years),145,Kuwait,3,Both,22,All ages,294,All causes,2,Percent,2023,1.0,1.0,1.0
1,All Population,2,DALYs (Disability-Adjusted Life Years),145,Kuwait,3,Both,22,All ages,294,All causes,3,Rate,2023,18390.29045594147,21867.123610290488,15497.10551685243
1,All Population,2,DALYs (Disability-Adjusted Life Years),41,Uzbekistan,3,Both,22,All ages,294,All causes,1,Number,2023,10680337.99401551,11778750.807136323,9864329.519288462
1,All Population,2,DALYs (Disability-Adjusted Life Years),41,Uzbekistan,3,Both,22,All ages,294,All causes,2,Percent,2023,1.0,1.0,1.0
1,All Population,2,DALYs (Disability-Adjusted Life Years),41,Uzbekistan,3,Both,22,All ages,294,All causes,3,Rate,2023,30218.646709194534,33326.46490363267,27909.855374753388
1,All Population,2,DALYs (Disability-Adjusted Life Years),10,Cambodia,3,Both,22,All ages,294,All causes,1,Number,2023,5217085.481710415,5777334.758845514,4761028.859103021
1,All Population,2,DALYs (Disability-Adjusted Life Years),10,Cambodia,3,Both,22,All ages,294,All causes,2,Percent,2023,1.0,1.0,1.0
1,All Population,2,DALYs (Disability-Adjusted Life Years),10,Cambodia,3,Both,22,All ages,294,All causes,3,Rate,2023,30346.69891019745,33605.552189001806,27693.912587108345
1,All Population,2,DALYs (Disability-Adjusted Life Years),169,Central African Republic,3,Both,22,All ages,294,All causes,1,Number,2023,5533583.766706823,5779096.983015763,5295987.376312684
1,All Population,2,DALYs (Disability-Adjusted Life Years),169,Central African Republic,3,Both,22,All ages,294,All causes,2,Percent,2023,1.0,1.0,1.0
1,All Population,2,DALYs (Disability-Adjusted Life Years),169,Central African Republic,3,Both,22,All ages,294,All causes,3,Rate,2023,84291.07252717185,88030.88621659068,80671.85297267592
1,All Population,2,DALYs (Disability-Adjusted Life Years),44,Bosnia and Herzegovina,3,Both,22,All ages,294,All causes,1,Number,2023,1210081.1968225108,1349138.1301560495,1086157.1634547603
1,All Population,2,DALYs (Disability-Adjusted Life Years),44,Bosnia and Herzegovina,3,Both,22,All ages,294,All causes,2,Percent,2023,1.0,1.0,1.0
1,All Population,2,DALYs (Disability-Adjusted Life Years),44,Bosnia and Herzegovina,3,Both,22,All ages,294,All causes,3,Rate,2023,37910.2123168161,42266.67854457209,34027.839440959666
1,All Population,2,DALYs (Disability-Adjusted Life Years),146,Lebanon,3,Both,22,All ages,294,All causes,1,Number,2023,1550944.6091719691,1772530.2621594854,1356241.9656992094
1,All Population,2,DALYs (Disability-Adjusted Life Years),146,Lebanon,3,Both,22,All ages,294,All causes,2,Percent,2023,1.0,1.0,1.0
1,All Population,2,DALYs (Disability-Adjusted Life Years),146,Lebanon,3,Both,22,All ages,294,All causes,3,Rate,2023,27188.084681078744,31072.48484721566,23774.944116894807
1,All Population,2,DALYs (Disability-Adjusted Life Years),110,Dominica,3,Both,22,All ages,294,All causes,1,Number,2023,23865.98586501558,26952.520282472993,21530.941064193084
1,All Population,2,DALYs (Disability-Adjusted Life Years),110,Dominica,3,Both,22,All ages,294,All causes,2,Percent,2023,1.0,1.0,1.0
1,All Population,2,DALYs (Disability-Adjusted Life Years),110,Dominica,3,Both,22,All ages,294,All causes,3,Rate,2023,34505.96640491582,38968.54563875849,31129.90735975966
1,All Population,2,DALYs (Disability-Adjusted Life Years),67,Japan,3,Both,22,All ages,294,All causes,1,Number,2023,42454325.31919004,47819834.38145967,37959879.866748184
1,All Population,2,DALYs (Disability-Adjusted Life Years),67,Japan,3,Both,22,All ages,294,All causes,2,Percent,2023,1.0,1.0,1.0
1,All Population,2,DALYs (Disability-Adjusted Life Years),67,Japan,3,Both,22,All ages,294,All causes,3,Rate,2023,34052.62452574769,38356.3006320872,30447.628749869044
1,All Population,2,DALYs (Disability-Adjusted Life Years),88,Malta,3,Both,22,All ages,294,All causes,1,Number,2023,146171.54956590277,166818.88796090242,127724.11146127476
1,All Population,2,DALYs (Disability-Adjusted Life Years),88,Malta,3,Both,22,All ages,294,All causes,2,Percent,2023,1.0,1.0,1.0
1,All Population,2,DALYs (Disability-Adjusted Life Years),88,Malta,3,Both,22,All ages,294,All causes,3,Rate,2023,26251.971515168843,29960.171510443557,22938.867008247027
1,All Population,2,DALYs (Disability-Adjusted Life Years),78,Denmark,3,Both,22,All ages,294,All causes,1,Number,2023,1827782.3331329182,2060411.0483420535,1632292.3130259204
1,All Population,2,DALYs (Disability-Adjusted Life Years),78,Denmark,3,Both,22,All ages,294,All causes,2,Percent,2023,1.0,1.0,1.0
1,All Population,2,DALYs (Disability-Adjusted Life Years),78,Denmark,3,Both,22,All ages,294,All causes,3,Rate,2023,30931.63475251574,34868.41996011885,27623.349192414593
1,All Population,2,DALYs (Disability-Adjusted Life Years),196,South Africa,3,Both,22,All ages,294,All causes,1,Number,2023,29951839.06524499,32280037.03269708,27785129.728139684
1,All Population,2,DALYs (Disability-Adjusted Life Years),196,South Africa,3,Both,22,All ages,294,All causes,2,Percent,2023,1.0,1.0,1.0
1,All Population,2,DALYs (Disability-Adjusted Life Years),196,South Africa,3,Both,22,All ages,294,All causes,3,Rate,2023,46751.975308459034,50386.0711531388,43369.94787407361
1,All Population,2,DALYs (Disability-Adjusted Life Years),206,Gambia,3,Both,22,All ages,294,All causes,1,Number,2023,1060895.7905616884,1147772.53159686,996496.4626931881
1,All Population,2,DALYs (Disability-Adjusted Life Years),206,Gambia,3,Both,22,All ages,294,All causes,2,Percent,2023,1.0,1.0,1.0
1,All Population,2,DALYs (Disability-Adjusted Life Years),206,Gambia,3,Both,22,All ages,294,All causes,3,Rate,2023,42041.40457680703,45484.17459311597,39489.37428176682
1,All Population,2,DALYs (Disability-Adjusted Life Years),218,Togo,3,Both,22,All ages,294,All causes,1,Number,2023,4110863.718720341,4451872.035001852,3828983.4387197047
1,All Population,2,DALYs (Disability-Adjusted Life Years),218,Togo,3,Both,22,All ages,294,All causes,2,Percent,2023,1.0,1.0,1.0
1,All Population,2,DALYs (Disability-Adjusted Life Years),218,Togo,3,Both,22,All ages,294,All causes,3,Rate,2023,48053.12105771243,52039.26971774708,44758.13777792887
1,All Population,2,DALYs (Disability-Adjusted Life Years),305,Bermuda,3,Both,22,All ages,294,All causes,1,Number,2023,21270.005715334715,24192.31211915348,18788.15514243077
1,All Population,2,DALYs (Disability-Adjusted Life Years),305,Bermuda,3,Both,22,All ages,294,All causes,2,Percent,2023,1.0,1.0,1.0
1,All Population,2,DALYs (Disability-Adjusted Life Years),305,Bermuda,3,Both,22,All ages,294,All causes,3,Rate,2023,33751.60344858361,38388.76848826379,29813.361142663503
1,All Population,2,DALYs (Disability-Adjusted Life Years),136,Paraguay,3,Both,22,All ages,294,All causes,1,Number,2023,2013478.083375774,2228680.9096954204,1820661.166087545
1,All Population,2,DALYs (Disability-Adjusted Life Years),136,Paraguay,3,Both,22,All ages,294,All causes,2,Percent,2023,1.0,1.0,1.0
1,All Population,2,DALYs (Disability-Adjusted Life Years),136,Paraguay,3,Both,22,All ages,294,All causes,3,Rate,2023,31851.13931854469,35255.425294858636,28800.975253573586
1,All Population,2,DALYs (Disability-Adjusted Life Years),135,Brazil,3,Both,22,All ages,294,All causes,1,Number,2023,69769157.16260864,78148587.9749613,62465479.908709064
1,All Population,2,DALYs (Disability-Adjusted Life Years),135,Brazil,3,Both,22,All ages,294,All causes,2,Percent,2023,1.0,1.0,1.0
1,All Population,2,DALYs (Disability-Adjusted Life Years),135,Brazil,3,Both,22,All ages,294,All causes,3,Rate,2023,32898.25896631066,36849.412972837745,29454.35516301354
1,All Population,2,DALYs (Disability-Adjusted Life Years),207,Ghana,3,Both,22,All ages,294,All causes,1,Number,2023,14139889.962106403,15443476.150555905,13050893.574211732
1,All Population,2,DALYs (Disability-Adjusted Life Years),207,Ghana,3,Both,22,All ages,294,All causes,2,Percent,2023,1.0,1.0,1.0
1,All Population,2,DALYs (Disability-Adjusted Life Years),207,Ghana,3,Both,22,All ages,294,All causes,3,Rate,2023,42507.81489993666,46426.69973943861,39234.03716847042
1,All Population,2,DALYs (Disability-Adjusted Life Years),55,Slovenia,3,Both,22,All ages,294,All causes,1,Number,2023,692223.6005420258,780847.5295904672,613647.3871724835
1,All Population,2,DALYs (Disability-Adjusted Life Years),55,Slovenia,3,Both,22,All ages,294,All causes,2,Percent,2023,1.0,1.0,1.0
1,All Population,2,DALYs (Disability-Adjusted Life Years),55,Slovenia,3,Both,22,All ages,294,All causes,3,Rate,2023,32707.76516150696,36895.27141922014,28995.01637316885
1,All Population,2,DALYs (Disability-Adjusted Life Years),111,Dominican Republic,3,Both,22,All ages,294,All causes,1,Number,2023,3651297.584723204,4093327.794796196,3334470.2063799817
1,All Population,2,DALYs (Disability-Adjusted Life Years),111,Dominican Republic,3,Both,22,All ages,294,All causes,2,Percent,2023,1.0,1.0,1.0
1,All Population,2,DALYs (Disability-Adjusted Life Years),111,Dominican Republic,3,Both,22,All ages,294,All causes,3,Rate,2023,32563.27793992312,36505.425150458024,29737.72408117083
1,All Population,2,DALYs (Disability-Adjusted Life Years),89,Netherlands,3,Both,22,All ages,294,All causes,1,Number,2023,5574384.524968774,6331828.699930599,4913666.092781425
1,All Population,2,DALYs (Disability-Adjusted Life Years),89,Netherlands,3,Both,22,All ages,294,All causes,2,Percent,2023,1.0,1.0,1.0
1,All Population,2,DALYs (Disability-Adjusted Life Years),89,Netherlands,3,Both,22,All ages,294,All causes,3,Rate,2023,31344.981031258627,35604.11909216391,27629.735584671627
1,All Population,2,DALYs (Disability-Adjusted Life Years),20,Viet Nam,3,Both,22,All ages,294,All causes,1,Number,2023,29380781.677670777,32417857.382588863,26477797.01111011
1,All Population,2,DALYs (Disability-Adjusted Life Years),20,Viet Nam,3,Both,22,All ages,294,All causes,2,Percent,2023,1.0,1.0,1.0
1,All Population,2,DALYs (Disability-Adjusted Life Years),20,Viet Nam,3,Both,22,All ages,294,All causes,3,Rate,2023,28482.600686638943,31426.83190238013,25668.36129831381
1,All Population,2,DALYs (Disability-Adjusted Life Years),393,Saint Kitts and Nevis,3,Both,22,All ages,294,All causes,1,Number,2023,16342.420074587137,18295.234709779008,14630.108916342871
1,All Population,2,DALYs (Disability-Adjusted Life Years),393,Saint Kitts and Nevis,3,Both,22,All ages,294,All causes,2,Percent,2023,1.0,1.0,1.0
1,All Population,2,DALYs (Disability-Adjusted Life Years),393,Saint Kitts and Nevis,3,Both,22,All ages,294,All causes,3,Rate,2023,34030.386452846404,38096.79989730882,30464.781715198907
1,All Population,2,DALYs (Disability-Adjusted Life Years),12,Lao People's Democratic Republic,3,Both,22,All ages,294,All causes,1,Number,2023,3023594.0615643784,3247971.7097092196,2804660.6529040937
1,All Population,2,DALYs (Disability-Adjusted Life Years),12,Lao People's Democratic Republic,3,Both,22,All ages,294,All causes,2,Percent,2023,1.0,1.0,1.0
1,All Population,2,DALYs (Disability-Adjusted Life Years),12,Lao People's Democratic Republic,3,Both,22,All ages,294,All causes,3,Rate,2023,40197.887897402485,43180.92972218455,37287.225804830145
1,All Population,2,DALYs (Disability-Adjusted Life Years),182,Malawi,3,Both,22,All ages,294,All causes,1,Number,2023,10014153.266578173,10618532.295880761,9366928.535513297
1,All Population,2,DALYs (Disability-Adjusted Life Years),182,Malawi,3,Both,22,All ages,294,All causes,2,Percent,2023,1.0,1.0,1.0
1,All Population,2,DALYs (Disability-Adjusted Life Years),182,Malawi,3,Both,22,All ages,294,All causes,3,Rate,2023,48307.55842919885,51223.039598121824,45185.39266236485
1,All Population,2,DALYs (Disability-Adjusted Life Years),160,Afghanistan,3,Both,22,All ages,294,All causes,1,Number,2023,14453809.517000934,15972464.065329859,13189368.182882395
1,All Population,2,DALYs (Disability-Adjusted Life Years),160,Afghanistan,3,Both,22,All ages,294,All causes,2,Percent,2023,1.0,1.0,1.0
1,All Population,2,DALYs (Disability-Adjusted Life Years),160,Afghanistan,3,Both,22,All ages,294,All causes,3,Rate,2023,39881.46184796041,44071.787129207005,36392.57064828615
1,All Population,2,DALYs (Disability-Adjusted Life Years),57,Belarus,3,Both,22,All ages,294,All causes,1,Number,2023,4003814.000599693,4394504.899755899,3666257.285067644
1,All Population,2,DALYs (Disability-Adjusted Life Years),57,Belarus,3,Both,22,All ages,294,All causes,2,Percent,2023,1.0,1.0,1.0
1,All Population,2,DALYs (Disability-Adjusted Life Years),57,Belarus,3,Both,22,All ages,294,All causes,3,Rate,2023,42154.490149378784,46267.9119160906,38600.49607332504
1,All Population,2,DALYs (Disability-Adjusted Life Years),149,Palestine,3,Both,22,All ages,294,All causes,1,Number,2023,2577186.1901485953,2784489.415514434,2382945.6006710934
1,All Population,2,DALYs (Disability-Adjusted Life Years),149,Palestine,3,Both,22,All ages,294,All causes,2,Percent,2023,1.0,1.0,1.0
1,All Population,2,DALYs (Disability-Adjusted Life Years),149,Palestine,3,Both,22,All ages,294,All causes,3,Rate,2023,47653.539335395064,51486.68590512572,44061.92783034401
1,All Population,2,DALYs (Disability-Adjusted Life Years),102,United States of America,3,Both,22,All ages,294,All causes,1,Number,2023,123229541.02529563,137693697.3331535,110195990.60324582
1,All Population,2,DALYs (Disability-Adjusted Life Years),102,United States of America,3,Both,22,All ages,294,All causes,2,Percent,2023,1.0,1.0,1.0
1,All Population,2,DALYs (Disability-Adjusted Life Years),102,United States of America,3,Both,22,All ages,294,All causes,3,Rate,2023,36739.51239885122,41051.83918015752,32853.70479664927
1,All Population,2,DALYs (Disability-Adjusted Life Years),33,Armenia,3,Both,22,All ages,294,All causes,1,Number,2023,923509.46003919,1051021.0775973634,822263.8469857404
1,All Population,2,DALYs (Disability-Adjusted Life Years),33,Armenia,3,Both,22,All ages,294,All causes,2,Percent,2023,1.0,1.0,1.0
1,All Population,2,DALYs (Disability-Adjusted Life Years),33,Armenia,3,Both,22,All ages,294,All causes,3,Rate,2023,30462.12318768307,34668.1164882314,27122.518700127763
1,All Population,2,DALYs (Disability-Adjusted Life Years),148,Morocco,3,Both,22,All ages,294,All causes,1,Number,2023,11967684.940390997,13327997.339824855,10844552.929790247
1,All Population,2,DALYs (Disability-Adjusted Life Years),148,Morocco,3,Both,22,All ages,294,All causes,2,Percent,2023,1.0,1.0,1.0
1,All Population,2,DALYs (Disability-Adjusted Life Years),148,Morocco,3,Both,22,All ages,294,All causes,3,Rate,2023,32428.628243918967,36114.643151276025,29385.296921108657
1,All Population,2,DALYs (Disability-Adjusted Life Years),90,Norway,3,Both,22,All ages,294,All causes,1,Number,2023,1495661.9028344953,1710311.5378394218,1310317.1068922072
1,All Population,2,DALYs (Disability-Adjusted Life Years),90,Norway,3,Both,22,All ages,294,All causes,2,Percent,2023,1.0,1.0,1.0
1,All Population,2,DALYs (Disability-Adjusted Life Years),90,Norway,3,Both,22,All ages,294,All causes,3,Rate,2023,27338.090956896427,31261.511908187822,23950.311352257773
1,All Population,2,DALYs (Disability-Adjusted Life Years),320,Cook Islands,3,Both,22,All ages,294,All causes,1,Number,2023,5544.170260718346,6132.473360007618,5047.232923934294
1,All Population,2,DALYs (Disability-Adjusted Life Years),320,Cook Islands,3,Both,22,All ages,294,All causes,2,Percent,2023,1.0,1.0,1.0
1,All Population,2,DALYs (Disability-Adjusted Life Years),320,Cook Islands,3,Both,22,All ages,294,All causes,3,Rate,2023,37684.59632501438,41683.38492112773,34306.83517142597
1,All Population,2,DALYs (Disability-Adjusted Life Years),69,Singapore,3,Both,22,All ages,294,All causes,1,Number,2023,1185049.088616977,1366465.1741797242,1024439.5050909411
1,All Population,2,DALYs (Disability-Adjusted Life Years),69,Singapore,3,Both,22,All ages,294,All causes,2,Percent,2023,1.0,1.0,1.0
1,All Population,2,DALYs (Disability-Adjusted Life Years),69,Singapore,3,Both,22,All ages,294,All causes,3,Rate,2023,20819.87665661938,24007.137472414917,17998.160872013723
1,All Population,2,DALYs (Disability-Adjusted Life Years),147,Libya,3,Both,22,All ages,294,All causes,1,Number,2023,2737117.2742218603,3029025.096721341,2494031.3858617228
1,All Population,2,DALYs (Disability-Adjusted Life Years),147,Libya,3,Both,22,All ages,294,All causes,2,Percent,2023,1.0,1.0,1.0
1,All Population,2,DALYs (Disability-Adjusted Life Years),147,Libya,3,Both,22,All ages,294,All causes,3,Rate,2023,36974.8833604449,40918.17720122057,33691.11015374463
1,All Population,2,DALYs (Disability-Adjusted Life Years),185,Rwanda,3,Both,22,All ages,294,All causes,1,Number,2023,6214230.187820719,6655719.614855013,5851056.296511481
1,All Population,2,DALYs (Disability-Adjusted Life Years),185,Rwanda,3,Both,22,All ages,294,All causes,2,Percent,2023,1.0,1.0,1.0
1,All Population,2,DALYs (Disability-Adjusted Life Years),185,Rwanda,3,Both,22,All ages,294,All causes,3,Rate,2023,44592.43963436255,47760.50551367627,41986.35499708536
1,All Population,2,DALYs (Disability-Adjusted Life Years),46,Croatia,3,Both,22,All ages,294,All causes,1,Number,2023,1527038.1002746264,1696566.8577751587,1387576.5624480676
1,All Population,2,DALYs (Disability-Adjusted Life Years),46,Croatia,3,Both,22,All ages,294,All causes,2,Percent,2023,1.0,1.0,1.0
1,All Population,2,DALYs (Disability-Adjusted Life Years),46,Croatia,3,Both,22,All ages,294,All causes,3,Rate,2023,39269.541775934194,43629.16883677313,35683.12786469571
1,All Population,2,DALYs (Disability-Adjusted Life Years),24,Marshall Islands,3,Both,22,All ages,294,All causes,1,Number,2023,16852.28378079706,18222.837500118578,15779.449888596715
1,All Population,2,DALYs (Disability-Adjusted Life Years),24,Marshall Islands,3,Both,22,All ages,294,All causes,2,Percent,2023,1.0,1.0,1.0
1,All Population,2,DALYs (Disability-Adjusted Life Years),24,Marshall Islands,3,Both,22,All ages,294,All causes,3,Rate,2023,40435.169604124756,43723.65992467578,37861.02470172258
1,All Population,2,DALYs (Disability-Adjusted Life Years),195,Namibia,3,Both,22,All ages,294,All causes,1,Number,2023,1305061.5267861262,1400312.8217237163,1224701.2234601495
1,All Population,2,DALYs (Disability-Adjusted Life Years),195,Namibia,3,Both,22,All ages,294,All causes,2,Percent,2023,1.0,1.0,1.0
1,All Population,2,DALYs (Disability-Adjusted Life Years),195,Namibia,3,Both,22,All ages,294,All causes,3,Rate,2023,43340.851849617335,46504.12973164995,40672.10104396105
1,All Population,2,DALYs (Disability-Adjusted Life Years),349,Greenland,3,Both,22,All ages,294,All causes,1,Number,2023,21916.67934557703,24392.118558921047,19960.3999511181
1,All Population,2,DALYs (Disability-Adjusted Life Years),349,Greenland,3,Both,22,All ages,294,All causes,2,Percent,2023,1.0,1.0,1.0
1,All Population,2,DALYs (Disability-Adjusted Life Years),349,Greenland,3,Both,22,All ages,294,All causes,3,Rate,2023,38715.474585111275,43088.29961211742,35259.73733662904
1,All Population,2,DALYs (Disability-Adjusted Life Years),396,San Marino,3,Both,22,All ages,294,All causes,1,Number,2023,9779.121088084574,11197.602123897197,8521.041118833184
1,All Population,2,DALYs (Disability-Adjusted Life Years),396,San Marino,3,Both,22,All ages,294,All causes,2,Percent,2023,1.0,1.0,1.0
1,All Population,2,DALYs (Disability-Adjusted Life Years),396,San Marino,3,Both,22,All ages,294,All causes,3,Rate,2023,27813.810486818526,31848.25922243246,24235.575027125033
1,All Population,2,DALYs (Disability-Adjusted Life Years),58,Estonia,3,Both,22,All ages,294,All causes,1,Number,2023,498013.17619872664,553115.6911756353,450791.1459898888
1,All Population,2,DALYs (Disability-Adjusted Life Years),58,Estonia,3,Both,22,All ages,294,All causes,2,Percent,2023,1.0,1.0,1.0
1,All Population,2,DALYs (Disability-Adjusted Life Years),58,Estonia,3,Both,22,All ages,294,All causes,3,Rate,2023,36800.81734149,40872.632477386614,33311.3327429614
1,All Population,2,DALYs (Disability-Adjusted Life Years),80,France,3,Both,22,All ages,294,All causes,1,Number,2023,21032114.012434814,23844441.32201937,18542543.579621773
1,All Population,2,DALYs (Disability-Adjusted Life Years),80,France,3,Both,22,All ages,294,All causes,2,Percent,2023,1.0,1.0,1.0
1,All Population,2,DALYs (Disability-Adjusted Life Years),80,France,3,Both,22,All ages,294,All causes,3,Rate,2023,30100.34204123608,34125.23530210165,26537.365845922806
1,All Population,2,DALYs (Disability-Adjusted Life Years),208,Guinea,3,Both,22,All ages,294,All causes,1,Number,2023,8098053.759287763,8574200.740020202,7633057.694791494
1,All Population,2,DALYs (Disability-Adjusted Life Years),208,Guinea,3,Both,22,All ages,294,All causes,2,Percent,2023,1.0,1.0,1.0
1,All Population,2,DALYs (Disability-Adjusted Life Years),208,Guinea,3,Both,22,All ages,294,All causes,3,Rate,2023,57133.304227674394,60492.611428626806,53852.66885438278
1,All Population,2,DALYs (Disability-Adjusted Life Years),22,Fiji,3,Both,22,All ages,294,All causes,1,Number,2023,373239.98448954767,407103.10066094476,345918.29930039315
1,All Population,2,DALYs (Disability-Adjusted Life Years),22,Fiji,3,Both,22,All ages,294,All causes,2,Percent,2023,1.0,1.0,1.0
1,All Population,2,DALYs (Disability-Adjusted Life Years),22,Fiji,3,Both,22,All ages,294,All causes,3,Rate,2023,39781.34238923753,43390.602583113134,36869.29288133933
1,All Population,2,DALYs (Disability-Adjusted Life Years),116,Saint Lucia,3,Both,22,All ages,294,All causes,1,Number,2023,58805.531058564215,66724.46696617354,52370.232721865556
1,All Population,2,DALYs (Disability-Adjusted Life Years),116,Saint Lucia,3,Both,22,All ages,294,All causes,2,Percent,2023,1.0,1.0,1.0
1,All Population,2,DALYs (Disability-Adjusted Life Years),116,Saint Lucia,3,Both,22,All ages,294,All causes,3,Rate,2023,32878.833200344816,37306.399249722264,29280.785588189872
1,All Population,2,DALYs (Disability-Adjusted Life Years),125,Colombia,3,Both,22,All ages,294,All causes,1,Number,2023,13671612.813530589,15464858.752083777,12156328.689045971
1,All Population,2,DALYs (Disability-Adjusted Life Years),125,Colombia,3,Both,22,All ages,294,All causes,2,Percent,2023,1.0,1.0,1.0
1,All Population,2,DALYs (Disability-Adjusted Life Years),125,Colombia,3,Both,22,All ages,294,All causes,3,Rate,2023,26232.72075785533,29673.55254543105,23325.23457838449
1,All Population,2,DALYs (Disability-Adjusted Life Years),47,Czechia,3,Both,22,All ages,294,All causes,1,Number,2023,3697955.4859711137,4146586.350734012,3316344.0091629997
1,All Population,2,DALYs (Disability-Adjusted Life Years),47,Czechia,3,Both,22,All ages,294,All causes,2,Percent,2023,1.0,1.0,1.0
1,All Population,2,DALYs (Disability-Adjusted Life Years),47,Czechia,3,Both,22,All ages,294,All causes,3,Rate,2023,33949.4634165483,38068.16554494958,30446.039721919948
1,All Population,2,DALYs (Disability-Adjusted Life Years),113,Guyana,3,Both,22,All ages,294,All causes,1,Number,2023,329696.5859909677,360048.2560373531,302766.5307146548
1,All Population,2,DALYs (Disability-Adjusted Life Years),113,Guyana,3,Both,22,All ages,294,All causes,2,Percent,2023,1.0,1.0,1.0
1,All Population,2,DALYs (Disability-Adjusted Life Years),113,Guyana,3,Both,22,All ages,294,All causes,3,Rate,2023,40391.42220047913,44109.83231275964,37092.19715913275
1,All Population,2,DALYs (Disability-Adjusted Life Years),197,Eswatini,3,Both,22,All ages,294,All causes,1,Number,2023,684319.1412040673,734164.5974345484,638552.7099704474
1,All Population,2,DALYs (Disability-Adjusted Life Years),197,Eswatini,3,Both,22,All ages,294,All causes,2,Percent,2023,1.0,1.0,1.0
1,All Population,2,DALYs (Disability-Adjusted Life Years),197,Eswatini,3,Both,22,All ages,294,All causes,3,Rate,2023,57693.78952829716,61896.17564838043,53835.29910757341
1,All Population,2,DALYs (Disability-Adjusted Life Years),82,Greece,3,Both,22,All ages,294,All causes,1,Number,2023,3800719.443481835,4246390.6313994685,3413112.7819492305
1,All Population,2,DALYs (Disability-Adjusted Life Years),82,Greece,3,Both,22,All ages,294,All causes,2,Percent,2023,1.0,1.0,1.0
1,All Population,2,DALYs (Disability-Adjusted Life Years),82,Greece,3,Both,22,All ages,294,All causes,3,Rate,2023,35604.803168299266,39779.81138965138,31973.73828813354
1,All Population,2,DALYs (Disability-Adjusted Life Years),171,Democratic Republic of the Congo,3,Both,22,All ages,294,All causes,1,Number,2023,52907524.588549346,56308355.42729919,49705130.84849198
1,All Population,2,DALYs (Disability-Adjusted Life Years),171,Democratic Republic of the Congo,3,Both,22,All ages,294,All causes,2,Percent,2023,1.0,1.0,1.0
1,All Population,2,DALYs (Disability-Adjusted Life Years),171,Democratic Republic of the Congo,3,Both,22,All ages,294,All causes,3,Rate,2023,56135.11949350348,59743.416177104715,52737.365456409956
1,All Population,2,DALYs (Disability-Adjusted Life Years),162,Bhutan,3,Both,22,All ages,294,All causes,1,Number,2023,238135.24221568747,262025.66342510367,216776.59334210915
1,All Population,2,DALYs (Disability-Adjusted Life Years),162,Bhutan,3,Both,22,All ages,294,All causes,2,Percent,2023,1.0,1.0,1.0
1,All Population,2,DALYs (Disability-Adjusted Life Years),162,Bhutan,3,Both,22,All ages,294,All causes,3,Rate,2023,31906.881852530405,35107.873187721394,29045.11355734585
1,All Population,2,DALYs (Disability-Adjusted Life Years),35,Georgia,3,Both,22,All ages,294,All causes,1,Number,2023,1426436.4855354212,1579380.408692794,1296131.0818723382
1,All Population,2,DALYs (Disability-Adjusted Life Years),35,Georgia,3,Both,22,All ages,294,All causes,2,Percent,2023,1.0,1.0,1.0
1,All Population,2,DALYs (Disability-Adjusted Life Years),35,Georgia,3,Both,22,All ages,294,All causes,3,Rate,2023,39833.26193371865,44104.223462027716,36194.48142850587
1,All Population,2,DALYs (Disability-Adjusted Life Years),91,Portugal,3,Both,22,All ages,294,All causes,1,Number,2023,3579589.0587463803,4041488.448924355,3190601.5838449374
1,All Population,2,DALYs (Disability-Adjusted Life Years),91,Portugal,3,Both,22,All ages,294,All causes,2,Percent,2023,1.0,1.0,1.0
1,All Population,2,DALYs (Disability-Adjusted Life Years),91,Portugal,3,Both,22,All ages,294,All causes,3,Rate,2023,33968.86673985778,38352.10698746101,30277.531371035206
1,All Population,2,DALYs (Disability-Adjusted Life Years),198,Zimbabwe,3,Both,22,All ages,294,All causes,1,Number,2023,7266358.609643311,7781014.606018657,6772468.08996063
1,All Population,2,DALYs (Disability-Adjusted Life Years),198,Zimbabwe,3,Both,22,All ages,294,All causes,2,Percent,2023,1.0,1.0,1.0
1,All Population,2,DALYs (Disability-Adjusted Life Years),198,Zimbabwe,3,Both,22,All ages,294,All causes,3,Rate,2023,45601.08710175983,48830.88543389959,42501.60552967035
1,All Population,2,DALYs (Disability-Adjusted Life Years),59,Latvia,3,Both,22,All ages,294,All causes,1,Number,2023,832790.6789040316,922502.9366394032,762596.568359847
1,All Population,2,DALYs (Disability-Adjusted Life Years),59,Latvia,3,Both,22,All ages,294,All causes,2,Percent,2023,1.0,1.0,1.0
1,All Population,2,DALYs (Disability-Adjusted Life Years),59,Latvia,3,Both,22,All ages,294,All causes,3,Rate,2023,43967.480690024335,48703.87130960882,40261.557607448005
1,All Population,2,DALYs (Disability-Adjusted Life Years),413,Tokelau,3,Both,22,All ages,294,All causes,1,Number,2023,479.4761998300993,537.8444482724362,432.56183603034594
1,All Population,2,DALYs (Disability-Adjusted Life Years),413,Tokelau,3,Both,22,All ages,294,All causes,2,Percent,2023,1.0,1.0,1.0
1,All Population,2,DALYs (Disability-Adjusted Life Years),413,Tokelau,3,Both,22,All ages,294,All causes,3,Rate,2023,29666.698834155868,33278.12573841009,26763.959756936838
1,All Population,2,DALYs (Disability-Adjusted Life Years),115,Jamaica,3,Both,22,All ages,294,All causes,1,Number,2023,888956.3153370382,995841.7215547708,797051.6708467838
1,All Population,2,DALYs (Disability-Adjusted Life Years),115,Jamaica,3,Both,22,All ages,294,All causes,2,Percent,2023,1.0,1.0,1.0
1,All Population,2,DALYs (Disability-Adjusted Life Years),115,Jamaica,3,Both,22,All ages,294,All causes,3,Rate,2023,31231.428571443124,34986.600644609796,28002.570988387422
1,All Population,2,DALYs (Disability-Adjusted Life Years),139,Algeria,3,Both,22,All ages,294,All causes,1,Number,2023,11951050.561267667,13466907.650570974,10762439.61119045
1,All Population,2,DALYs (Disability-Adjusted Life Years),139,Algeria,3,Both,22,All ages,294,All causes,2,Percent,2023,1.0,1.0,1.0
1,All Population,2,DALYs (Disability-Adjusted Life Years),139,Algeria,3,Both,22,All ages,294,All causes,3,Rate,2023,26867.012333545852,30274.79233626765,24194.910421517397
1,All Population,2,DALYs (Disability-Adjusted Life Years),351,Guam,3,Both,22,All ages,294,All causes,1,Number,2023,52139.86134833058,58010.916729375036,47604.49356784676
1,All Population,2,DALYs (Disability-Adjusted Life Years),351,Guam,3,Both,22,All ages,294,All causes,2,Percent,2023,1.0,1.0,1.0
1,All Population,2,DALYs (Disability-Adjusted Life Years),351,Guam,3,Both,22,All ages,294,All causes,3,Rate,2023,33082.55167188824,36807.714876951904,30204.87737301565
1,All Population,2,DALYs (Disability-Adjusted Life Years),151,Qatar,3,Both,22,All ages,294,All causes,1,Number,2023,457566.8198450574,553561.429168914,377350.8796778028
1,All Population,2,DALYs (Disability-Adjusted Life Years),151,Qatar,3,Both,22,All ages,294,All causes,2,Percent,2023,1.0,1.0,1.0
1,All Population,2,DALYs (Disability-Adjusted Life Years),151,Qatar,3,Both,22,All ages,294,All causes,3,Rate,2023,14746.926295968566,17840.737663210144,12161.645838332033
1,All Population,2,DALYs (Disability-Adjusted Life Years),416,Tuvalu,3,Both,22,All ages,294,All causes,1,Number,2023,5273.683979452431,5659.4951732681675,4959.75998856272
1,All Population,2,DALYs (Disability-Adjusted Life Years),416,Tuvalu,3,Both,22,All ages,294,All causes,2,Percent,2023,1.0,1.0,1.0
1,All Population,2,DALYs (Disability-Adjusted Life Years),416,Tuvalu,3,Both,22,All ages,294,All causes,3,Rate,2023,47840.81936699732,51340.749151379394,44993.022456595216
1,All Population,2,DALYs (Disability-Adjusted Life Years),173,Gabon,3,Both,22,All ages,294,All causes,1,Number,2023,807318.6274965004,877153.4376162023,742615.9389572954
1,All Population,2,DALYs (Disability-Adjusted Life Years),173,Gabon,3,Both,22,All ages,294,All causes,2,Percent,2023,1.0,1.0,1.0
1,All Population,2,DALYs (Disability-Adjusted Life Years),173,Gabon,3,Both,22,All ages,294,All causes,3,Rate,2023,42183.69015484912,45832.6707329976,38802.87114168276
1,All Population,2,DALYs (Disability-Adjusted Life Years),184,Mozambique,3,Both,22,All ages,294,All causes,1,Number,2023,16616519.661737163,17795585.73387197,15628139.796302244
1,All Population,2,DALYs (Disability-Adjusted Life Years),184,Mozambique,3,Both,22,All ages,294,All causes,2,Percent,2023,1.0,1.0,1.0
1,All Population,2,DALYs (Disability-Adjusted Life Years),184,Mozambique,3,Both,22,All ages,294,All causes,3,Rate,2023,49891.202043216595,53431.355145351255,46923.58544445256
1,All Population,2,DALYs (Disability-Adjusted Life Years),126,Costa Rica,3,Both,22,All ages,294,All causes,1,Number,2023,1404141.4068312906,1592332.461528166,1237833.4700493182
1,All Population,2,DALYs (Disability-Adjusted Life Years),126,Costa Rica,3,Both,22,All ages,294,All causes,2,Percent,2023,1.0,1.0,1.0
1,All Population,2,DALYs (Disability-Adjusted Life Years),126,Costa Rica,3,Both,22,All ages,294,All causes,3,Rate,2023,26965.774246907993,30579.881395628527,23771.92051044416
1,All Population,2,DALYs (Disability-Adjusted Life Years),128,Guatemala,3,Both,22,All ages,294,All causes,1,Number,2023,5155134.5825709505,5816334.118044199,4639010.718643193
1,All Population,2,DALYs (Disability-Adjusted Life Years),128,Guatemala,3,Both,22,All ages,294,All causes,2,Percent,2023,1.0,1.0,1.0
1,All Population,2,DALYs (Disability-Adjusted Life Years),128,Guatemala,3,Both,22,All ages,294,All causes,3,Rate,2023,31295.123827194828,35309.048392244586,28161.905872730862
1,All Population,2,DALYs (Disability-Adjusted Life Years),11,Indonesia,3,Both,22,All ages,294,All causes,1,Number,2023,94809355.80086982,105216535.00110331,86111283.84944388
1,All Population,2,DALYs (Disability-Adjusted Life Years),11,Indonesia,3,Both,22,All ages,294,All causes,2,Percent,2023,1.0,1.0,1.0
1,All Population,2,DALYs (Disability-Adjusted Life Years),11,Indonesia,3,Both,22,All ages,294,All causes,3,Rate,2023,32980.94178276596,36601.244530594166,29955.17916441412
1,All Population,2,DALYs (Disability-Adjusted Life Years),435,South Sudan,3,Both,22,All ages,294,All causes,1,Number,2023,7130544.477951108,7533302.424941504,6778802.418466028
1,All Population,2,DALYs (Disability-Adjusted Life Years),435,South Sudan,3,Both,22,All ages,294,All causes,2,Percent,2023,1.0,1.0,1.0
1,All Population,2,DALYs (Disability-Adjusted Life Years),435,South Sudan,3,Both,22,All ages,294,All causes,3,Rate,2023,72379.24028270721,76467.47145651566,68808.85051517564
1,All Population,2,DALYs (Disability-Adjusted Life Years),93,Sweden,3,Both,22,All ages,294,All causes,1,Number,2023,3021522.526797326,3443763.024678306,2663688.4714805866
1,All Population,2,DALYs (Disability-Adjusted Life Years),93,Sweden,3,Both,22,All ages,294,All causes,2,Percent,2023,1.0,1.0,1.0
1,All Population,2,DALYs (Disability-Adjusted Life Years),93,Sweden,3,Both,22,All ages,294,All causes,3,Rate,2023,28501.077620470794,32483.940266002,25125.740817458354
1,All Population,2,DALYs (Disability-Adjusted Life Years),298,American Samoa,3,Both,22,All ages,294,All causes,1,Number,2023,17100.607747954797,19042.158342823153,15394.823925292148
1,All Population,2,DALYs (Disability-Adjusted Life Years),298,American Samoa,3,Both,22,All ages,294,All causes,2,Percent,2023,1.0,1.0,1.0
1,All Population,2,DALYs (Disability-Adjusted Life Years),298,American Samoa,3,Both,22,All ages,294,All causes,3,Rate,2023,34911.01544145158,38874.70514165628,31428.645326279748
1,All Population,2,DALYs (Disability-Adjusted Life Years),36,Kazakhstan,3,Both,22,All ages,294,All causes,1,Number,2023,5993107.471849341,6694453.140212523,5443215.284289284
1,All Population,2,DALYs (Disability-Adjusted Life Years),36,Kazakhstan,3,Both,22,All ages,294,All causes,2,Percent,2023,1.0,1.0,1.0
1,All Population,2,DALYs (Disability-Adjusted Life Years),36,Kazakhstan,3,Both,22,All ages,294,All causes,3,Rate,2023,29374.611101453662,32812.186074475176,26679.370071123874
1,All Population,2,DALYs (Disability-Adjusted Life Years),25,Micronesia (Federated States of),3,Both,22,All ages,294,All causes,1,Number,2023,39158.99469537571,42620.02533931535,36180.03701636104
1,All Population,2,DALYs (Disability-Adjusted Life Years),25,Micronesia (Federated States of),3,Both,22,All ages,294,All causes,2,Percent,2023,1.0,1.0,1.0
1,All Population,2,DALYs (Disability-Adjusted Life Years),25,Micronesia (Federated States of),3,Both,22,All ages,294,All causes,3,Rate,2023,37855.628700944144,41201.462576374106,34975.822498311434
1,All Population,2,DALYs (Disability-Adjusted Life Years),127,El Salvador,3,Both,22,All ages,294,All causes,1,Number,2023,2079652.321098791,2293170.8810221413,1882809.084741005
1,All Population,2,DALYs (Disability-Adjusted Life Years),127,El Salvador,3,Both,22,All ages,294,All causes,2,Percent,2023,1.0,1.0,1.0
1,All Population,2,DALYs (Disability-Adjusted Life Years),127,El Salvador,3,Both,22,All ages,294,All causes,3,Rate,2023,33613.41844055413,37064.51871665034,30431.841403008148
1,All Population,2,DALYs (Disability-Adjusted Life Years),380,Palau,3,Both,22,All ages,294,All causes,1,Number,2023,8012.687967777231,8725.442622427474,7351.689153225547
1,All Population,2,DALYs (Disability-Adjusted Life Years),380,Palau,3,Both,22,All ages,294,All causes,2,Percent,2023,1.0,1.0,1.0
1,All Population,2,DALYs (Disability-Adjusted Life Years),380,Palau,3,Both,22,All ages,294,All causes,3,Rate,2023,44773.393973753344,48756.13298563256,41079.85686621557
1,All Population,2,DALYs (Disability-Adjusted Life Years),14,Maldives,3,Both,22,All ages,294,All causes,1,Number,2023,100500.1350143515,115287.9364426653,87797.3234562485
1,All Population,2,DALYs (Disability-Adjusted Life Years),14,Maldives,3,Both,22,All ages,294,All causes,2,Percent,2023,1.0,1.0,1.0
1,All Population,2,DALYs (Disability-Adjusted Life Years),14,Maldives,3,Both,22,All ages,294,All causes,3,Rate,2023,18521.442482986873,21246.726519324115,16180.406885253351
1,All Population,2,DALYs (Disability-Adjusted Life Years),522,Sudan,3,Both,22,All ages,294,All causes,1,Number,2023,13380591.243020732,14775269.09905374,12231746.70989273
1,All Population,2,DALYs (Disability-Adjusted Life Years),522,Sudan,3,Both,22,All ages,294,All causes,2,Percent,2023,1.0,1.0,1.0
1,All Population,2,DALYs (Disability-Adjusted Life Years),522,Sudan,3,Both,22,All ages,294,All causes,3,Rate,2023,35687.78694375005,39407.57520103153,32623.668312135047
1,All Population,2,DALYs (Disability-Adjusted Life Years),367,Monaco,3,Both,22,All ages,294,All causes,1,Number,2023,14855.1486229074,16797.83314995437,13371.249521539296
1,All Population,2,DALYs (Disability-Adjusted Life Years),367,Monaco,3,Both,22,All ages,294,All causes,2,Percent,2023,1.0,1.0,1.0
1,All Population,2,DALYs (Disability-Adjusted Life Years),367,Monaco,3,Both,22,All ages,294,All causes,3,Rate,2023,38192.867176649444,43187.54572151582,34377.734610778854
1,All Population,2,DALYs (Disability-Adjusted Life Years),374,Niue,3,Both,22,All ages,294,All causes,1,Number,2023,667.8092030878128,727.743580702419,618.203023849413
1,All Population,2,DALYs (Disability-Adjusted Life Years),374,Niue,3,Both,22,All ages,294,All causes,2,Percent,2023,1.0,1.0,1.0
1,All Population,2,DALYs (Disability-Adjusted Life Years),374,Niue,3,Both,22,All ages,294,All causes,3,Rate,2023,39733.11412452525,43299.071968071774,36781.66036820164
1,All Population,2,DALYs (Disability-Adjusted Life Years),83,Iceland,3,Both,22,All ages,294,All causes,1,Number,2023,98425.92464545285,111481.3574056998,86190.89550470382
1,All Population,2,DALYs (Disability-Adjusted Life Years),83,Iceland,3,Both,22,All ages,294,All causes,2,Percent,2023,1.0,1.0,1.0
1,All Population,2,DALYs (Disability-Adjusted Life Years),83,Iceland,3,Both,22,All ages,294,All causes,3,Rate,2023,25462.97691932607,28840.442604748394,22297.751235743246
1,All Population,2,DALYs (Disability-Adjusted Life Years),94,Switzerland,3,Both,22,All ages,294,All causes,1,Number,2023,2429921.383349499,2797413.285450076,2112589.4432052514
1,All Population,2,DALYs (Disability-Adjusted Life Years),94,Switzerland,3,Both,22,All ages,294,All causes,2,Percent,2023,1.0,1.0,1.0
1,All Population,2,DALYs (Disability-Adjusted Life Years),94,Switzerland,3,Both,22,All ages,294,All causes,3,Rate,2023,27023.941292609645,31110.937545215143,23494.790193528723
1,All Population,2,DALYs (Disability-Adjusted Life Years),105,Antigua and Barbuda,3,Both,22,All ages,294,All causes,1,Number,2023,27573.103522492143,31305.550577972608,24468.300994642927
1,All Population,2,DALYs (Disability-Adjusted Life Years),105,Antigua and Barbuda,3,Both,22,All ages,294,All causes,2,Percent,2023,1.0,1.0,1.0
1,All Population,2,DALYs (Disability-Adjusted Life Years),105,Antigua and Barbuda,3,Both,22,All ages,294,All causes,3,Rate,2023,30359.89163678906,34469.57366993428,26941.28958416777
1,All Population,2,DALYs (Disability-Adjusted Life Years),27,Samoa,3,Both,22,All ages,294,All causes,1,Number,2023,65526.31787682478,72245.32290647435,59795.047859345395
1,All Population,2,DALYs (Disability-Adjusted Life Years),27,Samoa,3,Both,22,All ages,294,All causes,2,Percent,2023,1.0,1.0,1.0
1,All Population,2,DALYs (Disability-Adjusted Life Years),27,Samoa,3,Both,22,All ages,294,All causes,3,Rate,2023,29891.528446069067,32956.57675765875,27277.061063945963
1,All Population,2,DALYs (Disability-Adjusted Life Years),385,Puerto Rico,3,Both,22,All ages,294,All causes,1,Number,2023,1208405.647691642,1358445.4589653912,1078339.3024299575
1,All Population,2,DALYs (Disability-Adjusted Life Years),385,Puerto Rico,3,Both,22,All ages,294,All causes,2,Percent,2023,1.0,1.0,1.0
1,All Population,2,DALYs (Disability-Adjusted Life Years),385,Puerto Rico,3,Both,22,All ages,294,All causes,3,Rate,2023,36662.62273904401,41214.78037507861,32716.453374075765
1,All Population,2,DALYs (Disability-Adjusted Life Years),72,New Zealand,3,Both,22,All ages,294,All causes,1,Number,2023,1475804.6769631174,1687556.6837443996,1296795.9851367332
1,All Population,2,DALYs (Disability-Adjusted Life Years),72,New Zealand,3,Both,22,All ages,294,All causes,2,Percent,2023,1.0,1.0,1.0
1,All Population,2,DALYs (Disability-Adjusted Life Years),72,New Zealand,3,Both,22,All ages,294,All causes,3,Rate,2023,28829.324409996087,32965.82525814854,25332.45268338561
1,All Population,2,DALYs (Disability-Adjusted Life Years),16,Philippines,3,Both,22,All ages,294,All causes,1,Number,2023,33612669.729121976,36755242.53856976,30991118.53920859
1,All Population,2,DALYs (Disability-Adjusted Life Years),16,Philippines,3,Both,22,All ages,294,All causes,2,Percent,2023,1.0,1.0,1.0
1,All Population,2,DALYs (Disability-Adjusted Life Years),16,Philippines,3,Both,22,All ages,294,All causes,3,Rate,2023,29353.100889300888,32097.43085389678,27063.76602884128
1,All Population,2,DALYs (Disability-Adjusted Life Years),85,Israel,3,Both,22,All ages,294,All causes,1,Number,2023,2108158.4807689292,2448459.460167131,1830354.2765656486
1,All Population,2,DALYs (Disability-Adjusted Life Years),85,Israel,3,Both,22,All ages,294,All causes,2,Percent,2023,1.0,1.0,1.0
1,All Population,2,DALYs (Disability-Adjusted Life Years),85,Israel,3,Both,22,All ages,294,All causes,3,Rate,2023,21103.295995851495,24509.81043080946,18322.39294531068
1,All Population,2,DALYs (Disability-Adjusted Life Years),163,India,3,Both,22,All ages,294,All causes,1,Number,2023,484350717.2850061,535082865.27696425,438536810.33750176
1,All Population,2,DALYs (Disability-Adjusted Life Years),163,India,3,Both,22,All ages,294,All causes,2,Percent,2023,1.0,1.0,1.0
1,All Population,2,DALYs (Disability-Adjusted Life Years),163,India,3,Both,22,All ages,294,All causes,3,Rate,2023,33556.58235279176,37071.38565806783,30382.52255165301
1,All Population,2,DALYs (Disability-Adjusted Life Years),152,Saudi Arabia,3,Both,22,All ages,294,All causes,1,Number,2023,7237975.223011362,8315912.567354405,6376891.5978334835
1,All Population,2,DALYs (Disability-Adjusted Life Years),152,Saudi Arabia,3,Both,22,All ages,294,All causes,2,Percent,2023,1.0,1.0,1.0
1,All Population,2,DALYs (Disability-Adjusted Life Years),152,Saudi Arabia,3,Both,22,All ages,294,All causes,3,Rate,2023,21941.097680278017,25208.741991943705,19330.82072452807
1,All Population,2,DALYs (Disability-Adjusted Life Years),74,Andorra,3,Both,22,All ages,294,All causes,1,Number,2023,24706.881880500445,28091.674637393917,21593.141158742445
1,All Population,2,DALYs (Disability-Adjusted Life Years),74,Andorra,3,Both,22,All ages,294,All causes,2,Percent,2023,1.0,1.0,1.0
1,All Population,2,DALYs (Disability-Adjusted Life Years),74,Andorra,3,Both,22,All ages,294,All causes,3,Rate,2023,27336.90741043397,31082.008336007737,23891.711767272853
1,All Population,2,DALYs (Disability-Adjusted Life Years),141,Egypt,3,Both,22,All ages,294,All causes,1,Number,2023,33334966.26632029,37116526.69781868,30139288.867294334
1,All Population,2,DALYs (Disability-Adjusted Life Years),141,Egypt,3,Both,22,All ages,294,All causes,2,Percent,2023,1.0,1.0,1.0
1,All Population,2,DALYs (Disability-Adjusted Life Years),141,Egypt,3,Both,22,All ages,294,All causes,3,Rate,2023,30364.737280049558,33809.351205670704,27453.802741284006
1,All Population,2,DALYs (Disability-Adjusted Life Years),52,Romania,3,Both,22,All ages,294,All causes,1,Number,2023,7676361.607301726,8438623.757282011,7039966.264385719
1,All Population,2,DALYs (Disability-Adjusted Life Years),52,Romania,3,Both,22,All ages,294,All causes,2,Percent,2023,1.0,1.0,1.0
1,All Population,2,DALYs (Disability-Adjusted Life Years),52,Romania,3,Both,22,All ages,294,All causes,3,Rate,2023,39727.07027242912,43671.965464635156,36433.566943322956
1,All Population,2,DALYs (Disability-Adjusted Life Years),7,Democratic People's Republic of Korea,3,Both,22,All ages,294,All causes,1,Number,2023,8971713.074597968,10032598.272678934,8118500.343735632
1,All Population,2,DALYs (Disability-Adjusted Life Years),7,Democratic People's Republic of Korea,3,Both,22,All ages,294,All causes,2,Percent,2023,1.0,1.0,1.0
1,All Population,2,DALYs (Disability-Adjusted Life Years),7,Democratic People's Republic of Korea,3,Both,22,All ages,294,All causes,3,Rate,2023,33970.10290282089,37986.99232485635,30739.535448824463
1,All Population,2,DALYs (Disability-Adjusted Life Years),43,Albania,3,Both,22,All ages,294,All causes,1,Number,2023,740536.6108612006,839336.7092423412,658475.216216705
1,All Population,2,DALYs (Disability-Adjusted Life Years),43,Albania,3,Both,22,All ages,294,All causes,2,Percent,2023,1.0,1.0,1.0
1,All Population,2,DALYs (Disability-Adjusted Life Years),43,Albania,3,Both,22,All ages,294,All causes,3,Rate,2023,30537.38335588021,34611.58635356168,27153.43146177619
1,All Population,2,DALYs (Disability-Adjusted Life Years),211,Mali,3,Both,22,All ages,294,All causes,1,Number,2023,15100377.410013262,15912106.851910103,14329584.59580585
1,All Population,2,DALYs (Disability-Adjusted Life Years),211,Mali,3,Both,22,All ages,294,All causes,2,Percent,2023,1.0,1.0,1.0
1,All Population,2,DALYs (Disability-Adjusted Life Years),211,Mali,3,Both,22,All ages,294,All causes,3,Rate,2023,62325.430479870956,65675.76971482665,59144.053441942626
1,All Population,2,DALYs (Disability-Adjusted Life Years),63,Ukraine,3,Both,22,All ages,294,All causes,1,Number,2023,18793441.600654148,20533955.79057875,17075078.223616835
1,All Population,2,DALYs (Disability-Adjusted Life Years),63,Ukraine,3,Both,22,All ages,294,All causes,2,Percent,2023,1.0,1.0,1.0
1,All Population,2,DALYs (Disability-Adjusted Life Years),63,Ukraine,3,Both,22,All ages,294,All causes,3,Rate,2023,47790.921877297806,52216.97536151535,43421.19696720248
1,All Population,2,DALYs (Disability-Adjusted Life Years),54,Slovakia,3,Both,22,All ages,294,All causes,1,Number,2023,1868236.3176184976,2087075.301203528,1691152.5698280116
1,All Population,2,DALYs (Disability-Adjusted Life Years),54,Slovakia,3,Both,22,All ages,294,All causes,2,Percent,2023,1.0,1.0,1.0
1,All Population,2,DALYs (Disability-Adjusted Life Years),54,Slovakia,3,Both,22,All ages,294,All causes,3,Rate,2023,34477.49783940802,38516.07717360546,31209.493425692584
1,All Population,2,DALYs (Disability-Adjusted Life Years),130,Mexico,3,Both,22,All ages,294,All causes,1,Number,2023,41059825.15643977,46276153.27955526,36871991.9640532
1,All Population,2,DALYs (Disability-Adjusted Life Years),130,Mexico,3,Both,22,All ages,294,All causes,2,Percent,2023,1.0,1.0,1.0
1,All Population,2,DALYs (Disability-Adjusted Life Years),130,Mexico,3,Both,22,All ages,294,All causes,3,Rate,2023,31125.6931127651,35079.96782574724,27951.07631259509
1,All Population,2,DALYs (Disability-Adjusted Life Years),189,United Republic of Tanzania,3,Both,22,All ages,294,All causes,1,Number,2023,24175664.140245315,26080856.43844194,22364701.994736757
1,All Population,2,DALYs (Disability-Adjusted Life Years),189,United Republic of Tanzania,3,Both,22,All ages,294,All causes,2,Percent,2023,1.0,1.0,1.0
1,All Population,2,DALYs (Disability-Adjusted Life Years),189,United Republic of Tanzania,3,Both,22,All ages,294,All causes,3,Rate,2023,36953.412685648196,39865.570830812794,34185.28887598375
1,All Population,2,DALYs (Disability-Adjusted Life Years),143,Iraq,3,Both,22,All ages,294,All causes,1,Number,2023,13423787.006370906,14829797.299030978,12257869.261502262
1,All Population,2,DALYs (Disability-Adjusted Life Years),143,Iraq,3,Both,22,All ages,294,All causes,2,Percent,2023,1.0,1.0,1.0
1,All Population,2,DALYs (Disability-Adjusted Life Years),143,Iraq,3,Both,22,All ages,294,All causes,3,Rate,2023,30386.04121115306,33568.68159987479,27746.873543520993
1,All Population,2,DALYs (Disability-Adjusted Life Years),200,Benin,3,Both,22,All ages,294,All causes,1,Number,2023,6844749.8873204915,7332040.282618645,6457838.064851765
1,All Population,2,DALYs (Disability-Adjusted Life Years),200,Benin,3,Both,22,All ages,294,All causes,2,Percent,2023,1.0,1.0,1.0
1,All Population,2,DALYs (Disability-Adjusted Life Years),200,Benin,3,Both,22,All ages,294,All causes,3,Rate,2023,48147.86898768963,51575.604770298254,45426.22392473097
1,All Population,2,DALYs (Disability-Adjusted Life Years),121,Bolivia (Plurinational State of),3,Both,22,All ages,294,All causes,1,Number,2023,4005848.4068327737,4428689.584139806,3639968.8559595374
1,All Population,2,DALYs (Disability-Adjusted Life Years),121,Bolivia (Plurinational State of),3,Both,22,All ages,294,All causes,2,Percent,2023,1.0,1.0,1.0
1,All Population,2,DALYs (Disability-Adjusted Life Years),121,Bolivia (Plurinational State of),3,Both,22,All ages,294,All causes,3,Rate,2023,33192.24748177198,36695.887055031686,30160.588924650965
1,All Population,2,DALYs (Disability-Adjusted Life Years),45,Bulgaria,3,Both,22,All ages,294,All causes,1,Number,2023,3054837.1456062743,3377502.275112521,2797454.490834099
1,All Population,2,DALYs (Disability-Adjusted Life Years),45,Bulgaria,3,Both,22,All ages,294,All causes,2,Percent,2023,1.0,1.0,1.0
1,All Population,2,DALYs (Disability-Adjusted Life Years),45,Bulgaria,3,Both,22,All ages,294,All causes,3,Rate,2023,44102.6483953104,48760.96112288368,40386.817997347905
1,All Population,2,DALYs (Disability-Adjusted Life Years),132,Panama,3,Both,22,All ages,294,All causes,1,Number,2023,1105053.7781773277,1251708.3079975923,987231.3903484343
1,All Population,2,DALYs (Disability-Adjusted Life Years),132,Panama,3,Both,22,All ages,294,All causes,2,Percent,2023,1.0,1.0,1.0
1,All Population,2,DALYs (Disability-Adjusted Life Years),132,Panama,3,Both,22,All ages,294,All causes,3,Rate,2023,26306.148446672916,29797.305083585325,23501.34990584483
1,All Population,2,DALYs (Disability-Adjusted Life Years),191,Zambia,3,Both,22,All ages,294,All causes,1,Number,2023,10074307.235912515,10716976.736967606,9413676.93980999
1,All Population,2,DALYs (Disability-Adjusted Life Years),191,Zambia,3,Both,22,All ages,294,All causes,2,Percent,2023,1.0,1.0,1.0
1,All Population,2,DALYs (Disability-Adjusted Life Years),191,Zambia,3,Both,22,All ages,294,All causes,3,Rate,2023,48087.57268441758,51155.21948338343,44934.19383290585
1,All Population,2,DALYs (Disability-Adjusted Life Years),101,Canada,3,Both,22,All ages,294,All causes,1,Number,2023,12189814.412258485,13755106.888316793,10780742.458886411
1,All Population,2,DALYs (Disability-Adjusted Life Years),101,Canada,3,Both,22,All ages,294,All causes,2,Percent,2023,1.0,1.0,1.0
1,All Population,2,DALYs (Disability-Adjusted Life Years),101,Canada,3,Both,22,All ages,294,All causes,3,Rate,2023,31742.33706533037,35818.36642069953,28073.1067242793
1,All Population,2,DALYs (Disability-Adjusted Life Years),23,Kiribati,3,Both,22,All ages,294,All causes,1,Number,2023,44464.95414846102,48826.96126115387,40938.48060223643
1,All Population,2,DALYs (Disability-Adjusted Life Years),23,Kiribati,3,Both,22,All ages,294,All causes,2,Percent,2023,1.0,1.0,1.0
1,All Population,2,DALYs (Disability-Adjusted Life Years),23,Kiribati,3,Both,22,All ages,294,All causes,3,Rate,2023,34783.30920254591,38195.54801061741,32024.677779169637
1,All Population,2,DALYs (Disability-Adjusted Life Years),213,Niger,3,Both,22,All ages,294,All causes,1,Number,2023,21309192.203517046,22200248.261235904,20295871.09392168
1,All Population,2,DALYs (Disability-Adjusted Life Years),213,Niger,3,Both,22,All ages,294,All causes,2,Percent,2023,1.0,1.0,1.0
1,All Population,2,DALYs (Disability-Adjusted Life Years),213,Niger,3,Both,22,All ages,294,All causes,3,Rate,2023,79989.57625840165,83334.38613193818,76185.8128216605
1,All Population,2,DALYs (Disability-Adjusted Life Years),202,Cameroon,3,Both,22,All ages,294,All causes,1,Number,2023,17763917.85322211,18773391.519275993,16812902.663951945
1,All Population,2,DALYs (Disability-Adjusted Life Years),202,Cameroon,3,Both,22,All ages,294,All causes,2,Percent,2023,1.0,1.0,1.0
1,All Population,2,DALYs (Disability-Adjusted Life Years),202,Cameroon,3,Both,22,All ages,294,All causes,3,Rate,2023,52431.50921287868,55411.04493575203,49624.5179810001
1,All Population,2,DALYs (Disability-Adjusted Life Years),179,Ethiopia,3,Both,22,All ages,294,All causes,1,Number,2023,52047252.70771934,55208762.118422896,49170119.56904564
1,All Population,2,DALYs (Disability-Adjusted Life Years),179,Ethiopia,3,Both,22,All ages,294,All causes,2,Percent,2023,1.0,1.0,1.0
1,All Population,2,DALYs (Disability-Adjusted Life Years),179,Ethiopia,3,Both,22,All ages,294,All causes,3,Rate,2023,45889.64552101202,48677.12302694791,43352.90029467058
1,All Population,2,DALYs (Disability-Adjusted Life Years),34,Azerbaijan,3,Both,22,All ages,294,All causes,1,Number,2023,3402834.139504967,3736432.17349283,3096295.1669570077
1,All Population,2,DALYs (Disability-Adjusted Life Years),34,Azerbaijan,3,Both,22,All ages,294,All causes,2,Percent,2023,1.0,1.0,1.0
1,All Population,2,DALYs (Disability-Adjusted Life Years),34,Azerbaijan,3,Both,22,All ages,294,All causes,3,Rate,2023,32339.65391624171,35510.083189023004,29426.386951815548
1,All Population,2,DALYs (Disability-Adjusted Life Years),369,Nauru,3,Both,22,All ages,294,All causes,1,Number,2023,6043.254070305731,6475.750805342826,5710.582238238934
1,All Population,2,DALYs (Disability-Adjusted Life Years),369,Nauru,3,Both,22,All ages,294,All causes,2,Percent,2023,1.0,1.0,1.0
1,All Population,2,DALYs (Disability-Adjusted Life Years),369,Nauru,3,Both,22,All ages,294,All causes,3,Rate,2023,49007.371277791615,52514.675095207174,46309.59094320839
1,All Population,2,DALYs (Disability-Adjusted Life Years),92,Spain,3,Both,22,All ages,294,All causes,1,Number,2023,14157034.384134026,16007650.687621154,12545204.733301848
1,All Population,2,DALYs (Disability-Adjusted Life Years),92,Spain,3,Both,22,All ages,294,All causes,2,Percent,2023,1.0,1.0,1.0
1,All Population,2,DALYs (Disability-Adjusted Life Years),92,Spain,3,Both,22,All ages,294,All causes,3,Rate,2023,29692.66610024221,33574.109804348096,26312.048498135744
1,All Population,2,DALYs (Disability-Adjusted Life Years),123,Peru,3,Both,22,All ages,294,All causes,1,Number,2023,10186837.830082644,11355231.891938562,9196661.83892674
1,All Population,2,DALYs (Disability-Adjusted Life Years),123,Peru,3,Both,22,All ages,294,All causes,2,Percent,2023,1.0,1.0,1.0
1,All Population,2,DALYs (Disability-Adjusted Life Years),123,Peru,3,Both,22,All ages,294,All causes,3,Rate,2023,28198.014140062987,31432.22605419449,25457.12466430125
1,All Population,2,DALYs (Disability-Adjusted Life Years),376,Northern Mariana Islands,3,Both,22,All ages,294,All causes,1,Number,2023,16819.282440360945,18342.50648490686,15363.46954530265
1,All Population,2,DALYs (Disability-Adjusted Life Years),376,Northern Mariana Islands,3,Both,22,All ages,294,All causes,2,Percent,2023,1.0,1.0,1.0
1,All Population,2,DALYs (Disability-Adjusted Life Years),376,Northern Mariana Islands,3,Both,22,All ages,294,All causes,3,Rate,2023,35495.70453957451,38710.3429062525,32423.331828602746
1,All Population,2,DALYs (Disability-Adjusted Life Years),170,Congo,3,Both,22,All ages,294,All causes,1,Number,2023,2749698.8579312703,2961827.0269126794,2562113.5737139713
1,All Population,2,DALYs (Disability-Adjusted Life Years),170,Congo,3,Both,22,All ages,294,All causes,2,Percent,2023,1.0,1.0,1.0
1,All Population,2,DALYs (Disability-Adjusted Life Years),170,Congo,3,Both,22,All ages,294,All causes,3,Rate,2023,44953.53982519587,48421.523988205634,41886.79579962382
1,All Population,2,DALYs (Disability-Adjusted Life Years),81,Germany,3,Both,22,All ages,294,All causes,1,Number,2023,29790972.731645737,33386267.74727644,26676306.294650458
1,All Population,2,DALYs (Disability-Adjusted Life Years),81,Germany,3,Both,22,All ages,294,All causes,2,Percent,2023,1.0,1.0,1.0
1,All Population,2,DALYs (Disability-Adjusted Life Years),81,Germany,3,Both,22,All ages,294,All causes,3,Rate,2023,35278.85297997194,39536.447568057556,31590.424934932416
1,All Population,2,DALYs (Disability-Adjusted Life Years),181,Madagascar,3,Both,22,All ages,294,All causes,1,Number,2023,15060613.409133147,15830201.10853736,14260327.840133408
1,All Population,2,DALYs (Disability-Adjusted Life Years),181,Madagascar,3,Both,22,All ages,294,All causes,2,Percent,2023,1.0,1.0,1.0
1,All Population,2,DALYs (Disability-Adjusted Life Years),181,Madagascar,3,Both,22,All ages,294,All causes,3,Rate,2023,48815.46166189659,51309.90048820303,46221.52285935184
1,All Population,2,DALYs (Disability-Adjusted Life Years),161,Bangladesh,3,Both,22,All ages,294,All causes,1,Number,2023,55721819.52712383,61090173.013836384,50759721.170016915
1,All Population,2,DALYs (Disability-Adjusted Life Years),161,Bangladesh,3,Both,22,All ages,294,All causes,2,Percent,2023,1.0,1.0,1.0
1,All Population,2,DALYs (Disability-Adjusted Life Years),161,Bangladesh,3,Both,22,All ages,294,All causes,3,Rate,2023,32050.302676122017,35138.09405805633,29196.182771143864
1,All Population,2,DALYs (Disability-Adjusted Life Years),193,Botswana,3,Both,22,All ages,294,All causes,1,Number,2023,909971.6722875325,987061.5054728264,835723.5091163345
1,All Population,2,DALYs (Disability-Adjusted Life Years),193,Botswana,3,Both,22,All ages,294,All causes,2,Percent,2023,1.0,1.0,1.0
1,All Population,2,DALYs (Disability-Adjusted Life Years),193,Botswana,3,Both,22,All ages,294,All causes,3,Rate,2023,37218.81383780447,40371.870397134626,34181.984618801514
1,All Population,2,DALYs (Disability-Adjusted Life Years),422,United States Virgin Islands,3,Both,22,All ages,294,All causes,1,Number,2023,35066.34675713162,38605.69136538798,31647.249843855003
1,All Population,2,DALYs (Disability-Adjusted Life Years),422,United States Virgin Islands,3,Both,22,All ages,294,All causes,2,Percent,2023,1.0,1.0,1.0
1,All Population,2,DALYs (Disability-Adjusted Life Years),422,United States Virgin Islands,3,Both,22,All ages,294,All causes,3,Rate,2023,41718.994826341936,45929.809840040434,37651.24042284851
1,All Population,2,DALYs (Disability-Adjusted Life Years),112,Grenada,3,Both,22,All ages,294,All causes,1,Number,2023,40680.26444758258,45104.27194892077,36521.480628494035
1,All Population,2,DALYs (Disability-Adjusted Life Years),112,Grenada,3,Both,22,All ages,294,All causes,2,Percent,2023,1.0,1.0,1.0
1,All Population,2,DALYs (Disability-Adjusted Life Years),112,Grenada,3,Both,22,All ages,294,All causes,3,Rate,2023,35680.69855346125,39560.999731367665,32033.025318959237
1,All Population,2,DALYs (Disability-Adjusted Life Years),183,Mauritius,3,Both,22,All ages,294,All causes,1,Number,2023,489204.3502396669,540131.296978656,446221.25712661596
1,All Population,2,DALYs (Disability-Adjusted Life Years),183,Mauritius,3,Both,22,All ages,294,All causes,2,Percent,2023,1.0,1.0,1.0
1,All Population,2,DALYs (Disability-Adjusted Life Years),183,Mauritius,3,Both,22,All ages,294,All causes,3,Rate,2023,38384.207926888426,42380.064692580025,35011.64596462489
1,All Population,2,DALYs (Disability-Adjusted Life Years),172,Equatorial Guinea,3,Both,22,All ages,294,All causes,1,Number,2023,775132.0104198044,829236.0414798842,723433.7350182815
1,All Population,2,DALYs (Disability-Adjusted Life Years),172,Equatorial Guinea,3,Both,22,All ages,294,All causes,2,Percent,2023,1.0,1.0,1.0
1,All Population,2,DALYs (Disability-Adjusted Life Years),172,Equatorial Guinea,3,Both,22,All ages,294,All causes,3,Rate,2023,47659.93697335544,50986.58930568697,44481.20546163101
1,All Population,2,DALYs (Disability-Adjusted Life Years),150,Oman,3,Both,22,All ages,294,All causes,1,Number,2023,941257.796134383,1103094.4315407185,813801.5326843171
1,All Population,2,DALYs (Disability-Adjusted Life Years),150,Oman,3,Both,22,All ages,294,All causes,2,Percent,2023,1.0,1.0,1.0
1,All Population,2,DALYs (Disability-Adjusted Life Years),150,Oman,3,Both,22,All ages,294,All causes,3,Rate,2023,18333.072283910074,21485.19781984088,15850.580345502218
1,All Population,2,DALYs (Disability-Adjusted Life Years),114,Haiti,3,Both,22,All ages,294,All causes,1,Number,2023,7482354.757454998,7961722.884267336,7014373.453685358
1,All Population,2,DALYs (Disability-Adjusted Life Years),114,Haiti,3,Both,22,All ages,294,All causes,2,Percent,2023,1.0,1.0,1.0
1,All Population,2,DALYs (Disability-Adjusted Life Years),114,Haiti,3,Both,22,All ages,294,All causes,3,Rate,2023,55458.73179045157,59011.77748736788,51990.08449290832
1,All Population,2,DALYs (Disability-Adjusted Life Years),209,Guinea-Bissau,3,Both,22,All ages,294,All causes,1,Number,2023,1190537.542083375,1266787.9897485268,1126390.0253807483
1,All Population,2,DALYs (Disability-Adjusted Life Years),209,Guinea-Bissau,3,Both,22,All ages,294,All causes,2,Percent,2023,1.0,1.0,1.0
1,All Population,2,DALYs (Disability-Adjusted Life Years),209,Guinea-Bissau,3,Both,22,All ages,294,All causes,3,Rate,2023,54863.698026480575,58377.557427977656,51907.57958324123
