outcome,draw,coefficient
daly_rate,0,0.043462814695958696
daly_rate,1,-0.02768382505543021
daly_rate,2,0.008809989391447615
daly_rate,3,-0.06232615320489154
daly_rate,4,-0.040243081842991524
daly_rate,5,-0.018169881793413944
daly_rate,6,-0.08508294786515314
daly_rate,7,-0.02225259310069605
daly_rate,8,-0.0590354735108759
daly_rate,9,-0.058665180269459605
daly_rate,10,-0.057711356129080627
daly_rate,11,-0.057268135382045116
daly_rate,12,-0.02809283805550722
daly_rate,13,-0.03641279249817142
daly_rate,14,-0.04775567218474008
daly_rate,15,-0.035802338264922184
daly_rate,16,-0.08430568522574039
daly_rate,17,-0.05148955777640313
daly_rate,18,-0.10428727584053465
daly_rate,19,0.017892305931553443
daly_rate,20,-0.022611358433219153
daly_rate,21,-0.038181572067380445
daly_rate,22,-0.08640614027234184
daly_rate,23,0.0013721213908967078
daly_rate,24,-0.002255010797045598
daly_rate,25,0.01717612576848948
daly_rate,26,-0.038780104582518904
daly_rate,27,0.00507374654706938
daly_rate,28,-0.03630511318616697
daly_rate,29,-0.07531617928815826
daly_rate,30,-0.023575740589987015
daly_rate,31,0.0334686350649811
daly_rate,32,0.026598233269959692
daly_rate,33,-0.04673929092639251
daly_rate,34,-0.07132796855431445
daly_rate,35,-0.046662588714845965
daly_rate,36,-0.025296572123503225
daly_rate,37,-0.07306082962184557
daly_rate,38,-0.08188257911115593
daly_rate,39,-0.11195002623680539
daly_rate,40,-0.010306548870228416
daly_rate,41,-0.004047614171239
daly_rate,42,-0.09932236050284993
daly_rate,43,-0.013473507992757927
daly_rate,44,-0.09547436469138937
daly_rate,45,-0.05347958967424915
daly_rate,46,-0.06551624167440906
daly_rate,47,0.03535127455538145
daly_rate,48,-0.04473675338999805
daly_rate,49,-0.05369002264012557
daly_rate,50,-0.033393474304519
daly_rate,51,-0.0780930245321417
daly_rate,52,-0.004631945111519431
daly_rate,53,-0.0525111441989371
daly_rate,54,0.0017873053395991434
daly_rate,55,-0.04825080646277602
daly_rate,56,-0.07059602015861499
daly_rate,57,-0.02612607384682053
daly_rate,58,-0.04259906441009109
daly_rate,59,-0.012887449493619418
daly_rate,60,-0.005509411667112163
daly_rate,61,-0.02186930637974327
daly_rate,62,-0.05284765491381643
daly_rate,63,-0.001104243492308088
daly_rate,64,-0.036262144952462716
daly_rate,65,-0.03935372894836009
daly_rate,66,-0.0017921026739784462
daly_rate,67,-0.05542679712378917
daly_rate,68,-0.020356617155766088
daly_rate,69,-0.0636410931433049
daly_rate,70,-0.027778636009432867
daly_rate,71,-0.002776206971150774
daly_rate,72,-0.09546319995299135
daly_rate,73,-0.06293635452402346
daly_rate,74,-0.03404052471066232
daly_rate,75,-0.04042580030485754
daly_rate,76,-0.0446137457555571
daly_rate,77,-0.12323686434568404
daly_rate,78,-0.08502524517461688
daly_rate,79,-0.013145867545990786
daly_rate,80,-0.07993448713929377
daly_rate,81,-0.05127729007169202
daly_rate,82,-0.03126262364581145
daly_rate,83,-0.03556187862009985
daly_rate,84,-0.01784066832751252
daly_rate,85,-0.05542599251154523
daly_rate,86,-0.010339471891765095
daly_rate,87,-0.02847239192049056
daly_rate,88,-0.02616121755832046
daly_rate,89,-0.0068045430757319725
daly_rate,90,-0.018407472027201388
daly_rate,91,0.03354217600803122
daly_rate,92,-0.061930790109556266
daly_rate,93,-0.026267895319076168
daly_rate,94,-0.025941214965345294
daly_rate,95,0.008135836487930426
daly_rate,96,-0.042840476584254494
daly_rate,97,-0.04448423195341661
daly_rate,98,-0.04597481163054251
daly_rate,99,-0.02339802947945524
daly_rate,100,-0.036519840091888356
daly_rate,101,-0.11880856483876912
daly_rate,102,-0.05614863119971236
daly_rate,103,0.030664793489405595
daly_rate,104,-0.07299008581549771
daly_rate,105,0.014035084719050683
daly_rate,106,0.012786861444835096
daly_rate,107,-0.007534193098126307
daly_rate,108,-0.038816867521318965
daly_rate,109,-0.0809807098115835
daly_rate,110,-0.07324112977972039
daly_rate,111,-0.032855732235593404
daly_rate,112,-0.008856677809953695
daly_rate,113,-0.01169573779552957
daly_rate,114,-0.008301880846201759
daly_rate,115,-0.026420976394165407
daly_rate,116,-0.03832562247442567
daly_rate,117,-0.005027153243983451
daly_rate,118,-0.06998404033150862
daly_rate,119,-0.041311482134507305
daly_rate,120,-0.044293261995420385
daly_rate,121,-0.09897462622191067
daly_rate,122,-0.06420106193876274
daly_rate,123,0.001417738397407664
daly_rate,124,0.011920571627375975
daly_rate,125,-0.09527968071120363
daly_rate,126,0.05897125530184755
daly_rate,127,-0.04537989705629114
daly_rate,128,-0.01400973688784135
daly_rate,129,-0.047005683915058216
daly_rate,130,-0.1006883545018884
daly_rate,131,-0.00231205688473346
daly_rate,132,-0.03228851439515834
daly_rate,133,-0.03259059546122084
daly_rate,134,-0.015727176225085904
daly_rate,135,-0.009737944708913537
daly_rate,136,-0.05754513371593295
daly_rate,137,0.0028263670296712062
daly_rate,138,-0.018724967328170028
daly_rate,139,-0.009651571455490338
daly_rate,140,-0.07711846709744585
daly_rate,141,-0.00940232308482214
daly_rate,142,-0.06950250675481351
daly_rate,143,-0.10074894384554667
daly_rate,144,-0.03997882398892777
daly_rate,145,0.013599086491619783
daly_rate,146,-0.02426062364176873
daly_rate,147,0.0784658216332208
daly_rate,148,-0.009118033053921393
daly_rate,149,-0.020206925636444106
daly_rate,150,-0.05041817418475647
daly_rate,151,-0.02215692189673346
daly_rate,152,-0.06777755556581921
daly_rate,153,-0.020702023170570794
daly_rate,154,-0.0361253651152984
daly_rate,155,-0.015027416722063869
daly_rate,156,-0.013393068431745814
daly_rate,157,0.023341538331200784
daly_rate,158,-0.02836289032322159
daly_rate,159,-0.07712430150517857
daly_rate,160,-0.058931739499892666
daly_rate,161,-0.018358633289947246
daly_rate,162,-0.028786354224413224
daly_rate,163,-0.05996930950472512
daly_rate,164,-0.03301521001028879
daly_rate,165,-0.024172927200393657
daly_rate,166,-0.06127145169990711
daly_rate,167,-0.08403587583626826
daly_rate,168,-0.012671605566937971
daly_rate,169,-0.02961599768835066
daly_rate,170,-0.0331637539766072
daly_rate,171,-0.01409395184297857
daly_rate,172,-0.07512245634980674
daly_rate,173,-0.07589946453899987
daly_rate,174,0.04603967673548648
daly_rate,175,-0.07367650410911245
daly_rate,176,-0.03973721928410434
daly_rate,177,0.01993008417771075
daly_rate,178,-0.07648903835825102
daly_rate,179,-0.06863188444419044
daly_rate,180,-0.05120787360617396
daly_rate,181,-0.06551828984869124
daly_rate,182,-0.006744951477710592
daly_rate,183,-0.06990521971033248
daly_rate,184,-0.10481577796756514
daly_rate,185,-0.006691105647904538
daly_rate,186,-0.04014201431300135
daly_rate,187,-0.09308752632792183
daly_rate,188,-0.034122505324472474
daly_rate,189,-0.028046523845321983
daly_rate,190,-0.0017564200179589484
daly_rate,191,-0.022259466328483635
daly_rate,192,-0.024672358663262672
daly_rate,193,-0.06724175981785346
daly_rate,194,-0.08906127490738813
daly_rate,195,-0.0045465539307734115
daly_rate,196,-0.023710109640495913
daly_rate,197,-0.016620364651124264
daly_rate,198,-0.058039688462868444
daly_rate,199,-0.031753968660025
daly_rate,200,-0.03384350179591511
daly_rate,201,0.05360623801416864
daly_rate,202,-0.09841082715411531
daly_rate,203,-0.03897762952614975
daly_rate,204,-0.030024257457809678
daly_rate,205,-0.02562532935446793
daly_rate,206,-0.050715900270644765
daly_rate,207,0.042038522780243004
daly_rate,208,-0.0694801461728165
daly_rate,209,-0.04800384257107121
daly_rate,210,-0.07349531920480701
daly_rate,211,-0.0019077706235435254
daly_rate,212,-0.10492927613225611
daly_rate,213,-0.05898338737424513
daly_rate,214,-0.0635578614131993
daly_rate,215,0.011828274716578102
daly_rate,216,-0.05172087573907147
daly_rate,217,-0.06524887643220234
daly_rate,218,-0.08434538928690538
daly_rate,219,-0.03079659256222289
daly_rate,220,0.007995336546345655
daly_rate,221,0.02888151050587562
daly_rate,222,-0.028428033533606012
daly_rate,223,-0.07402793665424534
daly_rate,224,-0.061926559400518166
daly_rate,225,-0.049883949093459556
daly_rate,226,-0.006316328350594258
daly_rate,227,-0.03457184382735612
daly_rate,228,-0.0345955125851114
daly_rate,229,-0.001304619142700053
daly_rate,230,-0.06439916199050788
daly_rate,231,-0.0840492033370368
daly_rate,232,-0.021993495643318983
daly_rate,233,-0.039778994029389114
daly_rate,234,0.033440303165946816
daly_rate,235,-0.026415256252256547
daly_rate,236,-0.034779578267697286
daly_rate,237,-0.06480920127614231
daly_rate,238,-0.05092108548797203
daly_rate,239,-0.11521939683296889
daly_rate,240,-0.09267358360143385
daly_rate,241,-0.02952631451636145
daly_rate,242,-0.07096764569082215
daly_rate,243,0.01664062311245973
daly_rate,244,-0.044185787012633426
daly_rate,245,-0.02400678105692594
daly_rate,246,0.023100607062372713
daly_rate,247,-0.026163385047973664
daly_rate,248,-0.053995174974440285
daly_rate,249,-0.008001093455058728
daly_rate,250,-0.052451598871217975
daly_rate,251,-0.07550792650463767
daly_rate,252,-0.057092138472617515
daly_rate,253,-0.06599096006887128
daly_rate,254,-0.0365805061151645
daly_rate,255,-0.06781521453007561
daly_rate,256,0.03325696081644969
daly_rate,257,-0.0002263044974175621
daly_rate,258,-0.03225005807765452
daly_rate,259,-0.00772464785742355
daly_rate,260,-0.04749025274581237
daly_rate,261,-0.014490919827845783
daly_rate,262,-0.04214952156731344
daly_rate,263,-0.056048150778959416
daly_rate,264,-0.03475185406543613
daly_rate,265,-0.0633825986891271
daly_rate,266,-0.15450754162631197
daly_rate,267,-0.012605317945409755
daly_rate,268,-0.03894329543651065
daly_rate,269,-0.07452491771548342
daly_rate,270,0.039598548614163176
daly_rate,271,-0.027149894957331333
daly_rate,272,0.004238428625276125
daly_rate,273,0.0332286627702536
daly_rate,274,-0.04360545227931689
daly_rate,275,-0.07315014202823283
daly_rate,276,-0.024937228777568987
daly_rate,277,-0.032818435896778964
daly_rate,278,-0.002803161356450201
daly_rate,279,-0.047366763995734584
daly_rate,280,-0.03444105516883189
daly_rate,281,-0.006888659245974704
daly_rate,282,-0.027938548660647877
daly_rate,283,0.017316867537789937
daly_rate,284,-0.050286741964557735
daly_rate,285,-0.0093003976255292
daly_rate,286,-0.02259788425186282
daly_rate,287,0.050695726200229885
daly_rate,288,0.011999837133887525
daly_rate,289,-0.05183819010335822
daly_rate,290,-0.0712473772244151
daly_rate,291,-0.07121552223135885
daly_rate,292,-0.0708061200891199
daly_rate,293,-0.0495157773024788
daly_rate,294,-0.06212997916738228
daly_rate,295,-0.0388628853955324
daly_rate,296,-0.05005556120436516
daly_rate,297,-0.02035160208772635
daly_rate,298,-0.07153158945775939
daly_rate,299,0.01775376808134399
daly_rate,300,-0.03588302505980662
daly_rate,301,0.020086156536156086
daly_rate,302,-0.0028279879125725493
daly_rate,303,-0.027820566988765005
daly_rate,304,-0.018179089064731868
daly_rate,305,-0.0030042617213601464
daly_rate,306,-0.034604755558193756
daly_rate,307,0.005483027151178987
daly_rate,308,0.008399949939391249
daly_rate,309,-0.08866135298564026
daly_rate,310,-0.014785958733510851
daly_rate,311,-0.029406760525762077
daly_rate,312,-0.037575277558681286
daly_rate,313,0.008693802356315672
daly_rate,314,-0.08037433463226634
daly_rate,315,-0.032216736949303604
daly_rate,316,-0.05693711505070953
daly_rate,317,-0.07535174703076664
daly_rate,318,-0.06912716411118414
daly_rate,319,-0.045764616129142344
daly_rate,320,-0.06450274979065695
daly_rate,321,-0.046541832621955104
daly_rate,322,-0.025128290893659727
daly_rate,323,-0.0669951635861551
daly_rate,324,-0.08014851711429538
daly_rate,325,0.015456856807216923
daly_rate,326,-0.04559736535480474
daly_rate,327,-0.03212332411768504
daly_rate,328,0.0046395925973498064
daly_rate,329,-0.06626421842171526
daly_rate,330,-0.061330208203874914
daly_rate,331,-0.010348104106832956
daly_rate,332,-0.04874061705631283
daly_rate,333,-0.10325711779287805
daly_rate,334,-0.00621663149934637
daly_rate,335,0.054883204150865075
daly_rate,336,-0.04006110866539858
daly_rate,337,-0.043192873047869895
daly_rate,338,-0.020328978516259144
daly_rate,339,-0.04430801667611439
daly_rate,340,-0.012202997521720604
daly_rate,341,-0.058655693934796416
daly_rate,342,-0.04603132157917261
daly_rate,343,-0.03956962313467205
daly_rate,344,0.0047367556992217175
daly_rate,345,0.03149865404348351
daly_rate,346,-0.033907737736345145
daly_rate,347,0.0021968912582706057
daly_rate,348,-0.04906359228686574
daly_rate,349,-0.04472801193799669
daly_rate,350,-0.04427072500768803
daly_rate,351,-0.058831203516519714
daly_rate,352,-0.03700184308107812
daly_rate,353,-0.0348188765027041
daly_rate,354,-0.06469442220284305
daly_rate,355,-0.010190401832437745
daly_rate,356,0.027110087931412563
daly_rate,357,0.013666336328603812
daly_rate,358,-0.04470093901778027
daly_rate,359,-0.027064774351000853
daly_rate,360,-0.027534756274136374
daly_rate,361,-0.015946915496240832
daly_rate,362,-0.09749543014469308
daly_rate,363,0.008007129989101192
daly_rate,364,-0.07547386025003919
daly_rate,365,-0.06685300627983792
daly_rate,366,-0.03525035347054839
daly_rate,367,-0.04423970410809719
daly_rate,368,-0.006704185987450373
daly_rate,369,-0.03228845447116413
daly_rate,370,-0.048872855324686076
daly_rate,371,0.030215188865197917
daly_rate,372,-0.07749594424069306
daly_rate,373,-0.03795848158949511
daly_rate,374,-0.02499501494058398
daly_rate,375,0.011909977104391012
daly_rate,376,-0.057970353680013464
daly_rate,377,-0.06542627780824861
daly_rate,378,-0.008368161324235568
daly_rate,379,0.008073022589074441
daly_rate,380,-0.07004438578896788
daly_rate,381,-0.058229761628363186
daly_rate,382,-0.0598969285229472
daly_rate,383,-0.03887922903708685
daly_rate,384,-0.03544274226454103
daly_rate,385,-0.0034878037438036413
daly_rate,386,-6.494239261423118e-05
daly_rate,387,-0.029527606286955888
daly_rate,388,-0.030390194025233352
daly_rate,389,-0.0777171137266115
daly_rate,390,0.04232684399847397
daly_rate,391,-0.036028078934169705
daly_rate,392,-0.04155597529130184
daly_rate,393,0.002003410507207537
daly_rate,394,-0.013287890950424819
daly_rate,395,-0.030157630773947564
daly_rate,396,-0.06797197749174794
daly_rate,397,-0.008910017633418255
daly_rate,398,0.03223326674894178
daly_rate,399,-0.00020299814917035253
daly_rate,400,-0.007367734468619269
daly_rate,401,-0.038000289595222725
daly_rate,402,-0.011597152266954125
daly_rate,403,-0.05198128504165733
daly_rate,404,-0.06914319316341133
daly_rate,405,-0.06270374313616234
daly_rate,406,-0.08482131200960874
daly_rate,407,-0.04332928241313322
daly_rate,408,-0.09233406961222856
daly_rate,409,-0.04057913230387461
daly_rate,410,0.013025369379375817
daly_rate,411,-0.015035016214977603
daly_rate,412,-0.07201797091423545
daly_rate,413,-0.07012747194398905
daly_rate,414,-0.024375826125665467
daly_rate,415,-0.058067593598012834
daly_rate,416,0.023364227357225653
daly_rate,417,-0.07323606823215134
daly_rate,418,0.002134054203400515
daly_rate,419,-0.028574139233490392
daly_rate,420,-0.10167385561822007
daly_rate,421,-0.06002055883275248
daly_rate,422,-0.041022107544070874
daly_rate,423,-0.07957974216951058
daly_rate,424,-0.09994638886535068
daly_rate,425,-0.09784968111200687
daly_rate,426,-0.005977016232798116
daly_rate,427,-0.022334387053089655
daly_rate,428,-0.10574628640394756
daly_rate,429,-0.07151559612683123
daly_rate,430,-0.03353324555496551
daly_rate,431,-0.08260491476475318
daly_rate,432,-0.04711490241325267
daly_rate,433,0.044678230773033345
daly_rate,434,-0.06976612952415151
daly_rate,435,-0.031542229599866634
daly_rate,436,-0.013902238687950152
daly_rate,437,-0.05361609362497577
daly_rate,438,-0.03342879485301298
daly_rate,439,-0.03876707074857855
daly_rate,440,-0.031869553818368646
daly_rate,441,0.008706184815129747
daly_rate,442,0.02659125352393954
daly_rate,443,-0.000831610935398297
daly_rate,444,-0.041329560668095344
daly_rate,445,-0.09177486136001567
daly_rate,446,-0.00841224936810181
daly_rate,447,0.003129881376856769
daly_rate,448,-0.05806470558497856
daly_rate,449,0.05650498950737337
daly_rate,450,-0.08348579743781898
daly_rate,451,-0.030296956540227793
daly_rate,452,-0.07216041573664356
daly_rate,453,0.028110302482130756
daly_rate,454,-0.06966729856686316
daly_rate,455,-0.010947792022764968
daly_rate,456,-0.06125764110357257
daly_rate,457,-0.04672082735050176
daly_rate,458,-0.0158651495497516
daly_rate,459,-0.101977519644044
daly_rate,460,-0.0048771935929661225
daly_rate,461,-0.11354349286568377
daly_rate,462,-0.038919848766818976
daly_rate,463,-0.07171030084098262
daly_rate,464,-0.07153249906504477
daly_rate,465,-0.004085436466979675
daly_rate,466,0.006136318614784031
daly_rate,467,-0.04280964310153679
daly_rate,468,-0.06595847934327692
daly_rate,469,-0.02582937156465792
daly_rate,470,0.0023427130123110373
daly_rate,471,-0.05047381636391701
daly_rate,472,-0.016874281602845764
daly_rate,473,0.023566392449636986
daly_rate,474,0.011467829093691817
daly_rate,475,0.022375925084002102
daly_rate,476,-0.010580108211944328
daly_rate,477,0.028139704296771595
daly_rate,478,-0.015647338148053136
daly_rate,479,-0.04676009324403951
daly_rate,480,0.0003383647133390344
daly_rate,481,0.017592451558717137
daly_rate,482,-0.013569483519534797
daly_rate,483,-0.018834855539149542
daly_rate,484,-0.00373600812691266
daly_rate,485,0.0031622208170833943
daly_rate,486,-0.014334247807752054
daly_rate,487,-0.05368836566187696
daly_rate,488,-0.0006913898369361737
daly_rate,489,-0.015274050142081608
daly_rate,490,-0.033709930564152946
daly_rate,491,-0.04097409246616168
daly_rate,492,0.0027100268140459183
daly_rate,493,-0.0736434271460693
daly_rate,494,-0.036940285929027095
daly_rate,495,-0.016854199056721697
daly_rate,496,-0.04702686976410653
daly_rate,497,-0.0283453490253458
daly_rate,498,-0.03549241464953212
daly_rate,499,-0.08441216870280127
daly_rate,500,-0.019477207050825784
daly_rate,501,-0.08341574597220491
daly_rate,502,-0.08164626342461287
daly_rate,503,-0.09705378515939356
daly_rate,504,0.019480485080714982
daly_rate,505,-0.012076931718836392
daly_rate,506,-0.0318337888279171
daly_rate,507,-0.04107205052929136
daly_rate,508,0.035134077488708004
daly_rate,509,-0.050287849340449164
daly_rate,510,-0.0698007669518228
daly_rate,511,-0.020015778958622388
daly_rate,512,-0.05386503704523027
daly_rate,513,-0.04603632668082969
daly_rate,514,-0.01736089505816807
daly_rate,515,0.0007905930428341312
daly_rate,516,-0.06794408427109877
daly_rate,517,0.023395368866668154
daly_rate,518,-0.04714113419312116
daly_rate,519,-0.08014127126400128
daly_rate,520,-0.02948651633584909
daly_rate,521,-0.0705572929788143
daly_rate,522,-0.006195417821493798
daly_rate,523,-0.04535367537260471
daly_rate,524,-0.023698432140029202
daly_rate,525,-0.030455556851564758
daly_rate,526,-0.03385011212140748
daly_rate,527,-0.0717149087457365
daly_rate,528,-0.039799971635632536
daly_rate,529,-0.07124540258933787
daly_rate,530,0.04404760376282746
daly_rate,531,-0.010973037191158275
daly_rate,532,-0.06690508611033696
daly_rate,533,0.04367776338366436
daly_rate,534,-0.036340210554089536
daly_rate,535,-0.009420161211229905
daly_rate,536,-0.07170846319710678
daly_rate,537,-0.005461218215460195
daly_rate,538,-0.04219599264241625
daly_rate,539,-0.061167642000381495
daly_rate,540,-0.04941692437695622
daly_rate,541,-0.046203529646584585
daly_rate,542,-0.019790482740762005
daly_rate,543,-0.029567196719995303
daly_rate,544,-0.07417108383001231
daly_rate,545,-0.04264227346418581
daly_rate,546,0.034191267321382
daly_rate,547,-0.026503632699606317
daly_rate,548,0.029441271585129103
daly_rate,549,-0.0074732170243475005
daly_rate,550,-0.04077384448064736
daly_rate,551,-0.00818953923643928
daly_rate,552,-0.03888902015402873
daly_rate,553,-0.02507660693829683
daly_rate,554,-0.0033944991900971555
daly_rate,555,0.007676834095701746
daly_rate,556,-0.040358267216934474
daly_rate,557,0.00950826029151114
daly_rate,558,-0.039844778763099775
daly_rate,559,-0.08143577540142433
daly_rate,560,-0.06535909201820034
daly_rate,561,-0.08182016211457588
daly_rate,562,-0.06190058597790604
daly_rate,563,-0.03851054491362893
daly_rate,564,-0.03129675090624606
daly_rate,565,-0.07763304040172359
daly_rate,566,-0.01531942529925212
daly_rate,567,-0.029975367689568877
daly_rate,568,-0.08622229626181754
daly_rate,569,0.002181035889065819
daly_rate,570,0.00528777949590209
daly_rate,571,-0.0005443954828336928
daly_rate,572,-0.034426369138521595
daly_rate,573,0.01675574557729642
daly_rate,574,0.03471617724853515
daly_rate,575,-0.039821343749818716
daly_rate,576,-0.04651122252901288
daly_rate,577,-0.008437229767608745
daly_rate,578,-0.04729060366351989
daly_rate,579,-0.00575595097173498
daly_rate,580,-0.05167588615021568
daly_rate,581,-0.02097980917354403
daly_rate,582,-0.020023566518768687
daly_rate,583,-0.02515198507994812
daly_rate,584,-0.010477895809289706
daly_rate,585,-0.016935992342087675
daly_rate,586,-0.0339949505209427
daly_rate,587,-0.049714787813380124
daly_rate,588,-0.08856163563393882
daly_rate,589,-0.0335287679061238
daly_rate,590,-0.044813954732863426
daly_rate,591,-0.07846361975577976
daly_rate,592,-0.044420628106726645
daly_rate,593,-0.024070895353841576
daly_rate,594,-0.005308884726840879
daly_rate,595,0.009294576700476315
daly_rate,596,0.027862897342857407
daly_rate,597,-0.03455191208245334
daly_rate,598,-0.004197841110724132
daly_rate,599,-0.023275046571730407
daly_rate,600,-0.024339039875898
daly_rate,601,-0.054436695383934586
daly_rate,602,0.005025812184151546
daly_rate,603,-0.0661225270136559
daly_rate,604,-0.043725714139082994
daly_rate,605,-0.023532879016009756
daly_rate,606,0.0034180637305789574
daly_rate,607,-0.006370270870327321
daly_rate,608,-0.03838925815759775
daly_rate,609,-0.04560019386443748
daly_rate,610,-0.04839193854502133
daly_rate,611,0.0020231326885364886
daly_rate,612,-0.04898761433058113
daly_rate,613,-0.03271927153695198
daly_rate,614,-0.03762306435654961
daly_rate,615,-0.0282791663488961
daly_rate,616,-0.03670976032436951
daly_rate,617,0.01735095282879162
daly_rate,618,0.0016572051576915214
daly_rate,619,-0.0166309234748937
daly_rate,620,-0.051900091876476706
daly_rate,621,0.022117901699747422
daly_rate,622,-0.011756731476110449
daly_rate,623,-0.029775623459487033
daly_rate,624,-0.0021643342916025654
daly_rate,625,-0.056285721080586826
daly_rate,626,-0.0026643002617581235
daly_rate,627,0.0025849634983186043
daly_rate,628,-0.05401388291010584
daly_rate,629,-0.08748142022421704
daly_rate,630,-0.04988395716276389
daly_rate,631,-0.02805421499032923
daly_rate,632,0.007180409060739412
daly_rate,633,-0.03297902134331554
daly_rate,634,-0.06570900197182139
daly_rate,635,0.048256105046569964
daly_rate,636,-0.05740539665650979
daly_rate,637,-0.06709754443274951
daly_rate,638,-0.009716520098141501
daly_rate,639,-0.008929478602186292
daly_rate,640,-0.07962445935465068
daly_rate,641,0.007902033734404068
daly_rate,642,-0.05227916507319463
daly_rate,643,-0.03816738470249781
daly_rate,644,-0.030158589689478155
daly_rate,645,-0.05104068819556051
daly_rate,646,-0.05318409435919935
daly_rate,647,-0.03519476422203188
daly_rate,648,0.02034854917336315
daly_rate,649,0.048330585229301226
daly_rate,650,-0.04610948853981167
daly_rate,651,0.004206699405921777
daly_rate,652,-0.10525345572505407
daly_rate,653,-0.02310337905616755
daly_rate,654,-0.0535946977323698
daly_rate,655,-0.03295032296121958
daly_rate,656,-0.0955024406764815
daly_rate,657,-0.056134745432738775
daly_rate,658,-0.046863347980760195
daly_rate,659,-0.023617388720925225
daly_rate,660,-0.03584914755344415
daly_rate,661,-0.06101075139325818
daly_rate,662,-0.05625076093443904
daly_rate,663,-0.0006812839143728322
daly_rate,664,0.012138298189254604
daly_rate,665,-0.013803302100405146
daly_rate,666,-0.021313068623722398
daly_rate,667,-0.008316782818451829
daly_rate,668,0.003955468772940396
daly_rate,669,-0.02214066548592236
daly_rate,670,-0.054963004439880114
daly_rate,671,-0.054884450994116096
daly_rate,672,0.051390377031399315
daly_rate,673,-0.03616113552467415
daly_rate,674,-0.0019309533133816115
daly_rate,675,-0.05313642845628863
daly_rate,676,-0.014681979498071485
daly_rate,677,-0.03772713040143172
daly_rate,678,0.02647619432585402
daly_rate,679,0.019690444995983825
daly_rate,680,-0.030875061988671515
daly_rate,681,-0.05654420185992376
daly_rate,682,-0.035952516940915336
daly_rate,683,0.0007205658141742344
daly_rate,684,-0.013843547862854244
daly_rate,685,-0.037123168302987175
daly_rate,686,-0.00703589072385169
daly_rate,687,-0.07459022440975627
daly_rate,688,-0.030221433433090916
daly_rate,689,-0.05419505363132404
daly_rate,690,-0.05732724165477032
daly_rate,691,-0.058262710080724645
daly_rate,692,-0.006900670737907677
daly_rate,693,-0.0802342711849997
daly_rate,694,-0.024568881570965262
daly_rate,695,-0.07390177694044198
daly_rate,696,-0.1259624486880373
daly_rate,697,-0.06702821037349893
daly_rate,698,0.000948363310984357
daly_rate,699,-0.03514795399103898
daly_rate,700,-0.0010494599763847812
daly_rate,701,-0.03609612611217172
daly_rate,702,-0.0582296934436225
daly_rate,703,-0.05486313834076917
daly_rate,704,-0.024134213932878235
daly_rate,705,-0.04125622336372192
daly_rate,706,0.016121545757591837
daly_rate,707,-0.00441342427392688
daly_rate,708,0.027052027668772516
daly_rate,709,-0.07489289002385746
daly_rate,710,0.015217531845381993
daly_rate,711,-0.0644861780656798
daly_rate,712,-0.02407483323684967
daly_rate,713,-0.07406934301326107
daly_rate,714,-0.03430389153094526
daly_rate,715,-0.06156226635191131
daly_rate,716,-0.015515902084153377
daly_rate,717,-0.09176570187352795
daly_rate,718,-0.04977221398798237
daly_rate,719,-0.009543033194635342
daly_rate,720,-0.02159442967580527
daly_rate,721,-0.032838787164017
daly_rate,722,-0.029169638927682318
daly_rate,723,0.011288853927523101
daly_rate,724,-0.01858832166224822
daly_rate,725,-0.002982966038564905
daly_rate,726,-0.04168462596780009
daly_rate,727,-0.018996430940346365
daly_rate,728,-0.03086673235417048
daly_rate,729,0.029293834260538443
daly_rate,730,-0.07647381214458049
daly_rate,731,-0.004763267279983108
daly_rate,732,-0.013743681024583787
daly_rate,733,-0.027416856422207814
daly_rate,734,-0.11980149306903248
daly_rate,735,-0.044382039046745536
daly_rate,736,-0.06279650513892521
daly_rate,737,-0.08099166639635746
daly_rate,738,0.02691432100754232
daly_rate,739,-0.041470219796926555
daly_rate,740,-0.03274010135002914
daly_rate,741,-0.07178091838179834
daly_rate,742,-0.030124309744986588
daly_rate,743,-0.06884936957822707
daly_rate,744,0.0006326641464265981
daly_rate,745,-0.021390506554580302
daly_rate,746,-0.03510347592840812
daly_rate,747,-0.034049541429581165
daly_rate,748,-0.007027217470451735
daly_rate,749,-0.0791477205169901
daly_rate,750,-0.06212188957911735
daly_rate,751,-0.01622395071759955
daly_rate,752,-0.04493775335749506
daly_rate,753,-0.03335537897381291
daly_rate,754,-0.06924528548147335
daly_rate,755,0.05016848182989775
daly_rate,756,0.019816518495627156
daly_rate,757,-0.01106433599561435
daly_rate,758,-0.03543682758719702
daly_rate,759,0.004790264630199825
daly_rate,760,-0.05699827627300613
daly_rate,761,-0.04212766748697905
daly_rate,762,-0.05057866786294074
daly_rate,763,-0.013171437344754677
daly_rate,764,0.01256851317774843
daly_rate,765,-0.07190163175659275
daly_rate,766,-0.004478153286450293
daly_rate,767,-0.015701582101738776
daly_rate,768,-0.05038031357450723
daly_rate,769,-0.012559289662842088
daly_rate,770,-0.014023515899222572
daly_rate,771,0.047139301940516964
daly_rate,772,0.004069975023728745
daly_rate,773,-0.03775789490602488
daly_rate,774,0.03198833951102675
daly_rate,775,-0.01630984454765816
daly_rate,776,-0.04973064396367355
daly_rate,777,-0.054582256065012436
daly_rate,778,0.031097532169084174
daly_rate,779,-0.01658174803260537
daly_rate,780,-0.08763471476232422
daly_rate,781,-0.030392417555592632
daly_rate,782,0.05896241265896407
daly_rate,783,-0.031424381645636545
daly_rate,784,-0.08969195048351652
daly_rate,785,-0.05757958303194721
daly_rate,786,-0.02627554010940575
daly_rate,787,0.011589627248274281
daly_rate,788,-0.01567630663466657
daly_rate,789,-0.06635236536234324
daly_rate,790,-0.07785375094606029
daly_rate,791,0.023911220956056578
daly_rate,792,-0.06945976349046512
daly_rate,793,-0.01730308807732639
daly_rate,794,-0.04375179233374191
daly_rate,795,-0.012706674142548002
daly_rate,796,-0.010385992475867245
daly_rate,797,-0.08592345412658364
daly_rate,798,-0.034991851561309295
daly_rate,799,0.004968190062453415
daly_rate,800,-0.06832041178489323
daly_rate,801,-0.04348042327698465
daly_rate,802,-0.015657698249420315
daly_rate,803,-0.09851613189084918
daly_rate,804,-0.035238214510252774
daly_rate,805,-0.016153096962275404
daly_rate,806,-0.10842108170823872
daly_rate,807,-0.05555768095863228
daly_rate,808,-0.06495776327999825
daly_rate,809,-0.07431689542480413
daly_rate,810,-0.02661757870457651
daly_rate,811,-0.03252354293684734
daly_rate,812,0.025940043861719275
daly_rate,813,0.020365179463446514
daly_rate,814,-0.019593556362323516
daly_rate,815,0.0226765639370472
daly_rate,816,-0.08151893133867949
daly_rate,817,-0.049723544945622145
daly_rate,818,-0.041289927215427735
daly_rate,819,-0.03786456767186808
daly_rate,820,-0.045710061460516205
daly_rate,821,-0.03020030950784869
daly_rate,822,-0.012478265137169542
daly_rate,823,0.01718077487423239
daly_rate,824,-0.07738764830832712
daly_rate,825,0.0027774768807566907
daly_rate,826,-0.02078771826484227
daly_rate,827,-0.05362783076123845
daly_rate,828,-0.0074868513327959185
daly_rate,829,-0.044142489096487436
daly_rate,830,-0.060573555953538305
daly_rate,831,-0.10259479806207822
daly_rate,832,-0.07519950538245801
daly_rate,833,-0.037497469073917045
daly_rate,834,-0.012741320521880262
daly_rate,835,-0.06275237009167778
daly_rate,836,-0.055659593449167266
daly_rate,837,-0.05459811994186348
daly_rate,838,-0.02592335894058606
daly_rate,839,-0.0535427302705373
daly_rate,840,0.022218989811437495
daly_rate,841,0.0436576866020868
daly_rate,842,-0.07502360670031233
daly_rate,843,0.010400637772605581
daly_rate,844,0.003826639992964731
daly_rate,845,-0.00916684514675481
daly_rate,846,-0.033038063007798435
daly_rate,847,-0.013788790911315296
daly_rate,848,-0.005311473433991631
daly_rate,849,-0.042780656978066656
daly_rate,850,-0.06513696531539093
daly_rate,851,-0.051447747383788434
daly_rate,852,-0.08854393383937342
daly_rate,853,-0.026820005876165065
daly_rate,854,-0.013488132273800635
daly_rate,855,-0.007600720697337304
daly_rate,856,-0.04445271530148043
daly_rate,857,-0.03337614195237393
daly_rate,858,-0.04955787801149897
daly_rate,859,-0.08047623361299494
daly_rate,860,-0.04941879452401654
daly_rate,861,-0.07688191414457668
daly_rate,862,-0.0556246348560982
daly_rate,863,-0.028160955160099865
daly_rate,864,-0.06897861240835645
daly_rate,865,-0.06098100713670279
daly_rate,866,-0.07252494161599166
daly_rate,867,0.021310087756074014
daly_rate,868,-0.02317104041579232
daly_rate,869,-0.018331393209454205
daly_rate,870,-0.027608750217325673
daly_rate,871,-0.022560382231018528
daly_rate,872,-0.05154407759150026
daly_rate,873,-0.06033703847418903
daly_rate,874,-0.11112260228993143
daly_rate,875,-0.051095983092883435
daly_rate,876,-0.06942801723993974
daly_rate,877,-0.028565956247717295
daly_rate,878,-0.1265330964281275
daly_rate,879,-0.03404160068747064
daly_rate,880,-0.05885974967819463
daly_rate,881,-0.0918355089876956
daly_rate,882,-0.02082456714130365
daly_rate,883,-0.06670209024870277
daly_rate,884,-0.012280568059817809
daly_rate,885,-0.01359921202945591
daly_rate,886,-0.09707022252324948
daly_rate,887,-0.09543519286243729
daly_rate,888,-0.013323125413327475
daly_rate,889,-0.049956997495151256
daly_rate,890,0.0757750449559027
daly_rate,891,-0.07537526364208891
daly_rate,892,-0.07876274343087042
daly_rate,893,-0.03599185439785746
daly_rate,894,-0.0214675160725446
daly_rate,895,-0.05785988634992367
daly_rate,896,0.02311306223749865
daly_rate,897,-0.00973731396428057
daly_rate,898,-0.05547962269041584
daly_rate,899,-0.01538888401361116
daly_rate,900,-0.020748259889541876
daly_rate,901,-0.03608470541715092
daly_rate,902,-0.00951786842228075
daly_rate,903,-0.046048669431916656
daly_rate,904,-0.0326848363877498
daly_rate,905,-0.0023807901026680067
daly_rate,906,-0.06500521837251583
daly_rate,907,-0.1206927874071797
daly_rate,908,-0.004504720573970333
daly_rate,909,-0.06820382474808595
daly_rate,910,-0.08247274710220953
daly_rate,911,0.04777974000075624
daly_rate,912,-0.048957412410822077
daly_rate,913,0.004799169795045355
daly_rate,914,-0.0656321232125448
daly_rate,915,-0.04117602056951031
daly_rate,916,-0.02556975580764953
daly_rate,917,-0.06522651736542384
daly_rate,918,-0.08453274212674078
daly_rate,919,0.003820056360548163
daly_rate,920,-0.021165109426254824
daly_rate,921,-0.08862634775624656
daly_rate,922,-0.0795193191364062
daly_rate,923,-0.05653138980938799
daly_rate,924,-0.01029075361817755
daly_rate,925,-0.009639768702997431
daly_rate,926,-0.09394386554569412
daly_rate,927,-0.02480175516881178
daly_rate,928,-0.005542195968205987
daly_rate,929,0.0188415819338954
daly_rate,930,-0.04151768961943292
daly_rate,931,-0.05293817460216976
daly_rate,932,-0.07683378308341737
daly_rate,933,-0.05750955213109532
daly_rate,934,-0.054473938284218315
daly_rate,935,-0.11927473572091518
daly_rate,936,-0.10358974755163697
daly_rate,937,-0.06611435263494803
daly_rate,938,-0.006279505225494031
daly_rate,939,-0.01418095247226181
daly_rate,940,-0.02381477940921417
daly_rate,941,-0.024643315530530563
daly_rate,942,-0.00022820386356170452
daly_rate,943,-0.042314847617464346
daly_rate,944,-0.028027089925340865
daly_rate,945,-0.051833000373967764
daly_rate,946,0.022941592709544434
daly_rate,947,-0.06809001253346897
daly_rate,948,-0.013244218221155846
daly_rate,949,-0.04736118928837252
daly_rate,950,-0.05447487742593826
daly_rate,951,-0.04879590480903451
daly_rate,952,0.01444463536748919
daly_rate,953,-0.002809426598290754
daly_rate,954,-0.002603424562024337
daly_rate,955,0.014057325673816456
daly_rate,956,-0.012796503340595233
daly_rate,957,-0.032991278020196024
daly_rate,958,-0.04451025884008497
daly_rate,959,-0.05820680147765572
daly_rate,960,-0.029336885836123816
daly_rate,961,-0.07863250884674461
daly_rate,962,0.01769913409672519
daly_rate,963,-0.0017654688502756755
daly_rate,964,0.04796967205530517
daly_rate,965,-0.009151752621859188
daly_rate,966,-0.018183205099246313
daly_rate,967,-0.05626823840850309
daly_rate,968,-0.04222676506029677
daly_rate,969,-0.0642836363962207
daly_rate,970,-0.08087725429195536
daly_rate,971,-0.017773819696151882
daly_rate,972,0.04761461019701252
daly_rate,973,0.024213130738119537
daly_rate,974,-0.037818710510385434
daly_rate,975,-0.062082754676255014
daly_rate,976,-0.04627458479382862
daly_rate,977,-0.12232497342265192
daly_rate,978,-0.023221544756934165
daly_rate,979,0.001437283906163045
daly_rate,980,-0.04773486645358094
daly_rate,981,-0.06858429667343274
daly_rate,982,-0.06614214581800426
daly_rate,983,-0.03886866656661625
daly_rate,984,-0.03657716663595234
daly_rate,985,-0.0745708788257925
daly_rate,986,-0.0726885727896654
daly_rate,987,-0.052508993360842915
daly_rate,988,-0.005216253702145401
daly_rate,989,-0.08758942440231654
daly_rate,990,-0.03434323314668053
daly_rate,991,-0.06791828789083265
daly_rate,992,0.07108805238866522
daly_rate,993,-0.024150046867789987
daly_rate,994,-0.05215617131887429
daly_rate,995,-0.02805379155706844
daly_rate,996,-0.104075999836305
daly_rate,997,0.005754596176916982
daly_rate,998,-0.0795658338306302
daly_rate,999,-0.05324066718616244
daly_rate,1000,-0.006414752357436715
daly_rate,1001,0.04409234161325393
daly_rate,1002,-0.03794894709784524
daly_rate,1003,-0.055250442243777176
daly_rate,1004,-0.029006234456319724
daly_rate,1005,-0.04308175322338825
daly_rate,1006,-0.062265126125478076
daly_rate,1007,-0.045609682925257244
daly_rate,1008,-0.05116611431252216
daly_rate,1009,0.03362616795485085
daly_rate,1010,-0.06400421437602422
daly_rate,1011,-0.06111717791477406
daly_rate,1012,-0.01711880224847162
daly_rate,1013,-0.03233457541940399
daly_rate,1014,-0.03788945392260312
daly_rate,1015,-0.00032439295877029206
daly_rate,1016,-0.046263759785243885
daly_rate,1017,-0.08371228578008771
daly_rate,1018,-0.06293960451841035
daly_rate,1019,-0.040810303626684474
daly_rate,1020,-0.0006414617454685301
daly_rate,1021,-0.0382092605757709
daly_rate,1022,-0.10692335559470445
daly_rate,1023,0.008373017938871463
daly_rate,1024,-0.06116266655946051
daly_rate,1025,-0.07900579566446092
daly_rate,1026,-0.02148007369776883
daly_rate,1027,-0.02694029661172903
daly_rate,1028,-0.036131860936194915
daly_rate,1029,-0.07815867983759417
daly_rate,1030,-0.0666962037462161
daly_rate,1031,-0.04024216606301223
daly_rate,1032,-0.030087316103676598
daly_rate,1033,-0.018590290012222233
daly_rate,1034,-0.052569822217392426
daly_rate,1035,-0.023932374914424626
daly_rate,1036,-0.006358854552810711
daly_rate,1037,-0.06440339198175349
daly_rate,1038,-0.01900251237453099
daly_rate,1039,-0.04424653937129602
daly_rate,1040,-0.0022993896142922132
daly_rate,1041,0.058910638513106184
daly_rate,1042,-0.027681689350125327
daly_rate,1043,0.007127284308041881
daly_rate,1044,-0.0600547016941384
daly_rate,1045,-0.07862632413741188
daly_rate,1046,-0.02801984284731729
daly_rate,1047,-0.025737149343867394
daly_rate,1048,-0.03941014983882907
daly_rate,1049,-0.0240923433803808
daly_rate,1050,-0.10830227065915665
daly_rate,1051,-0.10331959371750798
daly_rate,1052,-0.04956626591197405
daly_rate,1053,-0.03640341448698314
daly_rate,1054,-0.04699135021328876
daly_rate,1055,-0.044236199601494164
daly_rate,1056,0.0004692860775885599
daly_rate,1057,-0.06996012051277128
daly_rate,1058,-0.02773960266011133
daly_rate,1059,-0.016522759297892042
daly_rate,1060,-0.060628145701947855
daly_rate,1061,-0.06430928223222154
daly_rate,1062,-0.008926561985820092
daly_rate,1063,-0.02543281419133414
daly_rate,1064,-0.030049533366775627
daly_rate,1065,-0.07550739636111325
daly_rate,1066,-0.03434891342292601
daly_rate,1067,-0.06156443685412505
daly_rate,1068,-0.03685086388343217
daly_rate,1069,-0.05445446566475165
daly_rate,1070,-0.04097624042199244
daly_rate,1071,-0.016148274092754322
daly_rate,1072,-0.02901370416505228
daly_rate,1073,-0.06958616045791832
daly_rate,1074,-0.03313834078280116
daly_rate,1075,-0.07114002911752726
daly_rate,1076,-0.021493371660975313
daly_rate,1077,0.014399003450745074
daly_rate,1078,-0.07233476704488595
daly_rate,1079,-0.044448355984492705
daly_rate,1080,-0.07195202630033459
daly_rate,1081,0.005203315025424815
daly_rate,1082,0.03148877713164827
daly_rate,1083,-0.002412975177151111
daly_rate,1084,0.0010379053156759355
daly_rate,1085,-0.07739971536272994
daly_rate,1086,0.0005443573192155382
daly_rate,1087,-0.035481995848513526
daly_rate,1088,-0.0786063724619005
daly_rate,1089,-0.07957930315711503
daly_rate,1090,-0.03912477104699541
daly_rate,1091,0.008513931027227195
daly_rate,1092,-0.08105081871772879
daly_rate,1093,-0.04432684432943701
daly_rate,1094,-0.094577324274985
daly_rate,1095,-0.04267683778104381
daly_rate,1096,-0.033182012363190794
daly_rate,1097,-0.03831602631315589
daly_rate,1098,-0.016117005672315665
daly_rate,1099,-0.027945170602266756
daly_rate,1100,-0.06238720158069366
daly_rate,1101,-0.05841887396498335
daly_rate,1102,-0.06535113279666827
daly_rate,1103,-0.02072627455835163
daly_rate,1104,-0.04642418584920982
daly_rate,1105,-0.04872705155932011
daly_rate,1106,-0.10023416482244896
daly_rate,1107,-0.040862004737056146
daly_rate,1108,-0.058950377571173496
daly_rate,1109,0.029125305027830672
daly_rate,1110,-0.024813800564684296
daly_rate,1111,-0.04051191551462807
daly_rate,1112,-0.03807586485804659
daly_rate,1113,-0.064891402888684
daly_rate,1114,-0.022887291281263766
daly_rate,1115,-0.0191342919481301
daly_rate,1116,-0.06313859703536573
daly_rate,1117,0.016550796622100794
daly_rate,1118,-0.05430081799475228
daly_rate,1119,-0.08204273667105527
daly_rate,1120,0.010783873627894569
daly_rate,1121,-0.11506059632546231
daly_rate,1122,-0.038328977923581475
daly_rate,1123,-0.006240596086934946
daly_rate,1124,2.5156564525313785e-05
daly_rate,1125,-0.06253481884205359
daly_rate,1126,-0.025945837107616443
daly_rate,1127,-0.09328525147628086
daly_rate,1128,0.0012585909918264027
daly_rate,1129,-0.02334521789104227
daly_rate,1130,-0.0431897588939516
daly_rate,1131,-0.009211651151401934
daly_rate,1132,-0.054202185269438874
daly_rate,1133,-0.0956578857332992
daly_rate,1134,-0.08313088550943071
daly_rate,1135,-0.021010605707465158
daly_rate,1136,-0.05225340073574325
daly_rate,1137,-0.08075904269451911
daly_rate,1138,-0.07094645886628037
daly_rate,1139,-0.029095186706091958
daly_rate,1140,-0.02007036888907132
daly_rate,1141,-0.04261014467208102
daly_rate,1142,-0.014526092872822693
daly_rate,1143,-0.02800235493999481
daly_rate,1144,-0.03182168920397965
daly_rate,1145,-0.09610579112693696
daly_rate,1146,-0.06604461865234201
daly_rate,1147,-0.038479635836202286
daly_rate,1148,-0.017629322255980684
daly_rate,1149,-0.06232618575223292
daly_rate,1150,-0.05629552719191655
daly_rate,1151,-0.006893524351082259
daly_rate,1152,-0.018179642896143877
daly_rate,1153,-0.0549972662516347
daly_rate,1154,-0.007359182702475403
daly_rate,1155,-0.00876498647008539
daly_rate,1156,-0.03326651245958706
daly_rate,1157,-0.05965538876983223
daly_rate,1158,-0.059516567160117495
daly_rate,1159,-0.05558553011433387
daly_rate,1160,-0.03807846757435018
daly_rate,1161,-0.02358782683292099
daly_rate,1162,-0.032616323277402146
daly_rate,1163,-0.06390167690421533
daly_rate,1164,-0.04855493427966426
daly_rate,1165,-0.12612821886580988
daly_rate,1166,-0.025370740899777866
daly_rate,1167,0.0002950559301571065
daly_rate,1168,-0.02955024080958929
daly_rate,1169,-0.0033527109388847287
daly_rate,1170,-0.04591345100599986
daly_rate,1171,-0.026178674801553115
daly_rate,1172,-0.019844309736293864
daly_rate,1173,-0.061892813813654246
daly_rate,1174,-0.051690875034203554
daly_rate,1175,-0.03763747458514821
daly_rate,1176,-0.022006818245818793
daly_rate,1177,-0.06210040021406027
daly_rate,1178,-0.04803470909203145
daly_rate,1179,-0.05883211234563124
daly_rate,1180,0.007892561600759629
daly_rate,1181,-0.03604656223951175
daly_rate,1182,-0.03012544923374194
daly_rate,1183,-0.03291466283404665
daly_rate,1184,-0.021746191767499146
daly_rate,1185,0.028913913483423315
daly_rate,1186,0.0030981071841928998
daly_rate,1187,0.004780304349946585
daly_rate,1188,-0.04225626307385072
daly_rate,1189,-0.04885740907846525
daly_rate,1190,-0.08050293666942782
daly_rate,1191,-0.04038453013900256
daly_rate,1192,0.009120767146357789
daly_rate,1193,-0.007251666593065975
daly_rate,1194,-0.014277686527211841
daly_rate,1195,0.002722427120531723
daly_rate,1196,-0.02211839883973854
daly_rate,1197,0.02412769983876417
daly_rate,1198,-0.0183878458829676
daly_rate,1199,-0.059650803689083265
daly_rate,1200,-0.0035020822390494644
daly_rate,1201,-0.04792980196934349
daly_rate,1202,-0.0635342663279157
daly_rate,1203,-0.04100156256987142
daly_rate,1204,-0.09519316447238158
daly_rate,1205,-0.043039279559794696
daly_rate,1206,-0.029836492504676126
daly_rate,1207,-0.03682209808222103
daly_rate,1208,0.011635066324411802
daly_rate,1209,-0.01001156320852803
daly_rate,1210,-0.02629638971558912
daly_rate,1211,0.033945600265545994
daly_rate,1212,-0.06756237849856712
daly_rate,1213,-0.07057872442759106
daly_rate,1214,-0.016483044321327966
daly_rate,1215,0.0024328020629835745
daly_rate,1216,-0.06459968870507748
daly_rate,1217,-0.027449657735991395
daly_rate,1218,-0.016317978199382854
daly_rate,1219,0.042330798405740167
daly_rate,1220,-0.049899838227634
daly_rate,1221,-0.07325675428946782
daly_rate,1222,-0.015305112614631716
daly_rate,1223,-0.043373931384783626
daly_rate,1224,-0.03109578002093083
daly_rate,1225,-0.02272562706654302
daly_rate,1226,0.007947551221679006
daly_rate,1227,0.00017573128214021239
daly_rate,1228,0.008937580105904841
daly_rate,1229,-0.09813526152502283
daly_rate,1230,0.010427700388189132
daly_rate,1231,-0.017767790928548965
daly_rate,1232,0.025186839376789782
daly_rate,1233,-0.00847891107046228
daly_rate,1234,-0.062284094855038497
daly_rate,1235,-0.05397078221036933
daly_rate,1236,-0.03901528804976662
daly_rate,1237,-0.06054535593846544
daly_rate,1238,-0.019763743189744096
daly_rate,1239,0.05802296196953649
daly_rate,1240,-0.012839195315869092
daly_rate,1241,-0.045920720218902866
daly_rate,1242,-0.05708654886589637
daly_rate,1243,-0.10679400200487157
daly_rate,1244,-0.009333629772710683
daly_rate,1245,-0.07348662350044538
daly_rate,1246,-0.028684875186095415
daly_rate,1247,-0.028644740444777828
daly_rate,1248,-0.03020648887674038
daly_rate,1249,-0.12923336522898676
daly_rate,1250,-0.06355095576979464
daly_rate,1251,-0.00900157660998957
daly_rate,1252,-0.018160366796986294
daly_rate,1253,-0.08016064905534859
daly_rate,1254,-0.07002948520741437
daly_rate,1255,0.012441390011744241
daly_rate,1256,-0.011371635594232321
daly_rate,1257,-0.04942786480318828
daly_rate,1258,-0.08107661181107187
daly_rate,1259,-0.03468941014573629
daly_rate,1260,0.0026571118351517153
daly_rate,1261,-0.042209284976948425
daly_rate,1262,-0.021492896998092093
daly_rate,1263,-0.06906555411171594
daly_rate,1264,-0.03021694562335764
daly_rate,1265,-0.07108725942794891
daly_rate,1266,-0.027960979898399074
daly_rate,1267,-0.021069926004618322
daly_rate,1268,-0.09377936724992719
daly_rate,1269,0.03287894446535489
daly_rate,1270,0.021958448147187948
daly_rate,1271,-0.04289695633005186
daly_rate,1272,-0.06234465570359299
daly_rate,1273,0.0135803756202717
daly_rate,1274,0.0793342191890602
daly_rate,1275,0.011600815047134228
daly_rate,1276,-0.04591886949121582
daly_rate,1277,-0.07658436695856641
daly_rate,1278,0.03410602565632748
daly_rate,1279,-0.07316558986181493
daly_rate,1280,-0.017471394898646908
daly_rate,1281,-0.08533666038207655
daly_rate,1282,-0.01217111752369382
daly_rate,1283,-0.05519368286874826
daly_rate,1284,-0.04870232907856642
daly_rate,1285,-0.04433831565638702
daly_rate,1286,-0.06521139594810532
daly_rate,1287,-0.06747961747460773
daly_rate,1288,-0.0704909155036304
daly_rate,1289,-0.07157125104996731
daly_rate,1290,2.3724446366668595e-05
daly_rate,1291,0.022200274519550478
daly_rate,1292,-0.004148986124174581
daly_rate,1293,-0.09429487258855707
daly_rate,1294,-0.0020975993980765217
daly_rate,1295,-0.030077082015849244
daly_rate,1296,-0.011724183269423705
daly_rate,1297,-0.05075917575210759
daly_rate,1298,-0.008696299461344426
daly_rate,1299,-0.0855525985524338
daly_rate,1300,-0.071282439367503
daly_rate,1301,-0.07966144649632656
daly_rate,1302,-0.039948160216388695
daly_rate,1303,-0.008484991963578103
daly_rate,1304,-0.0897164541795823
daly_rate,1305,0.012900285795548694
daly_rate,1306,-0.08016432684216301
daly_rate,1307,-0.02209789672972473
daly_rate,1308,-0.06954494557513202
daly_rate,1309,0.0031213043685236475
daly_rate,1310,-0.024078673708822773
daly_rate,1311,-0.04672001648924229
daly_rate,1312,-0.01963604962634946
daly_rate,1313,-0.05758970889294429
daly_rate,1314,-0.07319105550882621
daly_rate,1315,-0.0414429980477119
daly_rate,1316,-0.04173448904955024
daly_rate,1317,-0.0009552911625804461
daly_rate,1318,-0.019137425126990126
daly_rate,1319,-0.019981305747737488
daly_rate,1320,-0.04352332757381028
daly_rate,1321,-0.07481069866181911
daly_rate,1322,-0.06650368143364851
daly_rate,1323,-0.06988988277235109
daly_rate,1324,-0.0013520150026505862
daly_rate,1325,0.021390071666748667
daly_rate,1326,-0.01761858589644416
daly_rate,1327,-0.04775950158671688
daly_rate,1328,-0.044285471407281285
daly_rate,1329,-0.11069179089565884
daly_rate,1330,0.0003871925520431696
daly_rate,1331,-0.009629381906888668
daly_rate,1332,-0.014899089636133622
daly_rate,1333,0.004666076003665642
daly_rate,1334,-0.047961788823932094
daly_rate,1335,-0.034682930653616495
daly_rate,1336,-0.050314428743466144
daly_rate,1337,-0.04694261451868831
daly_rate,1338,-0.047998464408597785
daly_rate,1339,0.025154670722764005
daly_rate,1340,-0.024694261556587216
daly_rate,1341,-0.05585573186755011
daly_rate,1342,-0.053645209083342804
daly_rate,1343,0.021366400503344346
daly_rate,1344,-0.01418532306833642
daly_rate,1345,-0.10454314460737946
daly_rate,1346,-0.02247185760448933
daly_rate,1347,-0.03106554841186071
daly_rate,1348,0.025018715484069087
daly_rate,1349,-0.01988965840081347
daly_rate,1350,-0.04578974539163988
daly_rate,1351,-0.017749046501372212
daly_rate,1352,-0.05091268873776311
daly_rate,1353,-0.06474770919792117
daly_rate,1354,0.022991878470734584
daly_rate,1355,0.021656996691936437
daly_rate,1356,-0.010136360280147638
daly_rate,1357,-0.07785202200037558
daly_rate,1358,-0.028625363668067408
daly_rate,1359,-0.033038862284345105
daly_rate,1360,-0.017147987062506864
daly_rate,1361,-0.08680984255787161
daly_rate,1362,-0.006846096394477363
daly_rate,1363,-0.06249066925643554
daly_rate,1364,-0.01767530745570367
daly_rate,1365,-0.040518901981670075
daly_rate,1366,-0.051499005799136355
daly_rate,1367,-0.06801580698142962
daly_rate,1368,-0.03425974165455403
daly_rate,1369,-0.03369059986506601
daly_rate,1370,-0.06422277920443265
daly_rate,1371,-0.09497347473900675
daly_rate,1372,-0.04012510741512798
daly_rate,1373,-0.07250218789991365
daly_rate,1374,-0.04303038780842117
daly_rate,1375,-0.09700768813841326
daly_rate,1376,0.024879173461682502
daly_rate,1377,-0.0850555042067267
daly_rate,1378,-0.015614591569486524
daly_rate,1379,-0.013601126837739397
daly_rate,1380,-0.0812445025838694
daly_rate,1381,-0.05835244917247029
daly_rate,1382,-0.03313890317742524
daly_rate,1383,0.026053943392766232
daly_rate,1384,-0.04597304809104885
daly_rate,1385,-0.03428004372994109
daly_rate,1386,0.020501781446558676
daly_rate,1387,-0.0940882385931614
daly_rate,1388,0.016452781280880735
daly_rate,1389,-0.07118172726814209
daly_rate,1390,-0.035540542266600195
daly_rate,1391,-0.06695954949857585
daly_rate,1392,-0.02811705868943437
daly_rate,1393,-0.06021946646085141
daly_rate,1394,-0.06706930760462448
daly_rate,1395,0.013875728112618724
daly_rate,1396,-0.038019536805073306
daly_rate,1397,0.023967640415320624
daly_rate,1398,-0.04423660044724642
daly_rate,1399,-0.1115546249962526
daly_rate,1400,-0.1064326224091876
daly_rate,1401,-0.05352730163551511
daly_rate,1402,-0.006382013802017528
daly_rate,1403,-0.02715737565635168
daly_rate,1404,-0.015605343471857935
daly_rate,1405,-0.03617661685803597
daly_rate,1406,-0.024942838665267475
daly_rate,1407,-0.04435771354055629
daly_rate,1408,-0.03598879524595189
daly_rate,1409,-0.04947492745093751
daly_rate,1410,-0.058304289179275215
daly_rate,1411,-0.09745280399917067
daly_rate,1412,-0.01280091222453894
daly_rate,1413,-0.04209299597749694
daly_rate,1414,-0.06637817161727966
daly_rate,1415,-0.04082412754392184
daly_rate,1416,0.003996831246100313
daly_rate,1417,-0.02659193844645502
daly_rate,1418,0.04630364769229156
daly_rate,1419,-0.051329172683337254
daly_rate,1420,-0.03320242623464731
daly_rate,1421,-0.11583446203986947
daly_rate,1422,-0.04041788090507081
daly_rate,1423,0.006558958202500853
daly_rate,1424,-0.013219801461667235
daly_rate,1425,-0.04852791470709006
daly_rate,1426,-0.06084924383815071
daly_rate,1427,-0.06308457644270926
daly_rate,1428,-0.0653885029751049
daly_rate,1429,-0.06731535430849922
daly_rate,1430,0.015609838408386867
daly_rate,1431,-0.009937015876928967
daly_rate,1432,-0.0784748116057914
daly_rate,1433,0.027524717387307773
daly_rate,1434,-0.0915435777184026
daly_rate,1435,-0.04151488133376868
daly_rate,1436,-0.05325733032160197
daly_rate,1437,-0.10917038614012309
daly_rate,1438,-0.031722781294111435
daly_rate,1439,0.07025237287794184
daly_rate,1440,-0.048441699788954296
daly_rate,1441,-0.02183421420162679
daly_rate,1442,0.002704124991830703
daly_rate,1443,-0.04830409559411264
daly_rate,1444,-0.04899279892608421
daly_rate,1445,-0.037749393032653344
daly_rate,1446,-0.07319273217994127
daly_rate,1447,-0.03978481948907697
daly_rate,1448,-0.012108425317475802
daly_rate,1449,-0.052800773576206605
daly_rate,1450,-0.03164779281744046
daly_rate,1451,-0.023675559987751615
daly_rate,1452,0.03042645510554376
daly_rate,1453,-0.03524751992347486
daly_rate,1454,-0.01934271373104879
daly_rate,1455,-0.029101763572977557
daly_rate,1456,-0.013329584073508816
daly_rate,1457,-0.061808089785202025
daly_rate,1458,-0.037605641735129425
daly_rate,1459,-0.03366873899646988
daly_rate,1460,-0.09393624372601084
daly_rate,1461,-0.036164442507293004
daly_rate,1462,-0.0441105469449416
daly_rate,1463,-0.06609420514771003
daly_rate,1464,-0.03349592410792379
daly_rate,1465,-0.02185504301484653
daly_rate,1466,-0.035953116692133635
daly_rate,1467,-0.04748380731063129
daly_rate,1468,-0.04535375575154621
daly_rate,1469,-0.02171395345135757
daly_rate,1470,0.008626598328627222
daly_rate,1471,-0.058520539545258876
daly_rate,1472,-0.023649642742540444
daly_rate,1473,-0.06870779373778912
daly_rate,1474,0.026904954794313707
daly_rate,1475,-0.0026984808253932013
daly_rate,1476,-0.03213208648029353
daly_rate,1477,-0.07519380573562362
daly_rate,1478,-0.01957104068262272
daly_rate,1479,-0.021150653073728376
daly_rate,1480,-0.024904972385011437
daly_rate,1481,-0.05792793595823431
daly_rate,1482,-0.06594253759534219
daly_rate,1483,-0.041147147310323096
daly_rate,1484,-0.03984140559856797
daly_rate,1485,-0.03422907028747324
daly_rate,1486,-0.021408962785871177
daly_rate,1487,-0.03482017978483576
daly_rate,1488,-0.0002725320373675455
daly_rate,1489,-0.04680813232625802
daly_rate,1490,-0.03822438166810471
daly_rate,1491,8.07566027504758e-05
daly_rate,1492,-0.056674121835290636
daly_rate,1493,0.013484836070438044
daly_rate,1494,-0.01815549412821088
daly_rate,1495,-0.016588251651737607
daly_rate,1496,-0.06998433229611967
daly_rate,1497,0.01701595674596823
daly_rate,1498,-0.03687688805653594
daly_rate,1499,-0.06490255715493243
daly_rate,1500,-0.0737551692528508
daly_rate,1501,-0.038233983197186516
daly_rate,1502,0.030802458035314118
daly_rate,1503,-0.027709512124261648
daly_rate,1504,-0.012537709642337913
daly_rate,1505,-0.031138795575730294
daly_rate,1506,-0.07792402600989012
daly_rate,1507,-0.04689205604855795
daly_rate,1508,-0.005954333901732056
daly_rate,1509,-0.012973878683748663
daly_rate,1510,0.028408862168504356
daly_rate,1511,-0.024702807011181438
daly_rate,1512,-0.051318565359099066
daly_rate,1513,-0.028323194143970887
daly_rate,1514,-0.026633210492446713
daly_rate,1515,-0.02141098126009089
daly_rate,1516,-0.020550578601718716
daly_rate,1517,-0.10229399891470503
daly_rate,1518,-0.03591258292390498
daly_rate,1519,-0.05533895228278629
daly_rate,1520,-0.07153286862332964
daly_rate,1521,-0.020415943845120466
daly_rate,1522,-0.02598202674942307
daly_rate,1523,-0.02114578662332489
daly_rate,1524,-0.03070814452627446
daly_rate,1525,0.014568611090054473
daly_rate,1526,-0.032685182786636346
daly_rate,1527,-0.00022517341813399483
daly_rate,1528,-0.0573938256803469
daly_rate,1529,-0.04210801466599717
daly_rate,1530,-0.011891538223809728
daly_rate,1531,-0.028575661708468092
daly_rate,1532,-0.04310216996991367
daly_rate,1533,-0.061570910669595524
daly_rate,1534,-0.039732550218767204
daly_rate,1535,-0.054077255561710835
daly_rate,1536,-0.0453032513597425
daly_rate,1537,-0.03531194627282974
daly_rate,1538,-0.07496462514636915
daly_rate,1539,-0.0025854118615642463
daly_rate,1540,-0.0023621544470420197
daly_rate,1541,-0.055301095735203365
daly_rate,1542,-0.029310225557570124
daly_rate,1543,-0.06543004312195277
daly_rate,1544,-0.017705145661953137
daly_rate,1545,-0.029658333825354877
daly_rate,1546,-0.05755618333605822
daly_rate,1547,-0.03647260222553195
daly_rate,1548,-0.012871158395069804
daly_rate,1549,-0.07070798879008083
daly_rate,1550,-0.056237793891920906
daly_rate,1551,-0.039891175113539123
daly_rate,1552,-0.016686239862048424
daly_rate,1553,-0.04047145154519882
daly_rate,1554,-0.031899146240441434
daly_rate,1555,-0.0457929713886564
daly_rate,1556,-0.09157926044016562
daly_rate,1557,-0.024800176474866653
daly_rate,1558,-0.00735013874130086
daly_rate,1559,-0.03775566469794356
daly_rate,1560,-0.12513627609732236
daly_rate,1561,-0.012470348681651533
daly_rate,1562,-0.00454033635940293
daly_rate,1563,-0.011014289464123583
daly_rate,1564,-0.041554571763180226
daly_rate,1565,-0.016962127783974545
daly_rate,1566,-0.09421256552123314
daly_rate,1567,-0.07272519340742156
daly_rate,1568,-0.025664687975831324
daly_rate,1569,0.012982520432639477
daly_rate,1570,-0.004276292529203918
daly_rate,1571,-0.08188320457329373
daly_rate,1572,-0.07438659730242203
daly_rate,1573,-0.09463764259918067
daly_rate,1574,0.004014928422569675
daly_rate,1575,-0.008561655048448025
daly_rate,1576,-0.08007870642677012
daly_rate,1577,-0.07294940755171142
daly_rate,1578,-0.00796384187644228
daly_rate,1579,0.010007065333908022
daly_rate,1580,-0.10767576652599709
daly_rate,1581,-0.01514960237609575
daly_rate,1582,0.008103101231298537
daly_rate,1583,-0.05481732625325697
daly_rate,1584,-0.05027783297468108
daly_rate,1585,-0.01349783433450158
daly_rate,1586,-0.0442308462762564
daly_rate,1587,0.02999435490139346
daly_rate,1588,-0.07452127798418884
daly_rate,1589,-0.04942452418546156
daly_rate,1590,-0.031814423990202734
daly_rate,1591,-0.023234675012208994
daly_rate,1592,-0.06325382914183475
daly_rate,1593,-0.03683769773646228
daly_rate,1594,-0.05929932513961056
daly_rate,1595,-0.019939479396889226
daly_rate,1596,-0.09524050959778219
daly_rate,1597,-0.005386577663607284
daly_rate,1598,0.03548483239457989
daly_rate,1599,-0.04187130251004845
daly_rate,1600,-0.08124747934535936
daly_rate,1601,-0.06660382441085555
daly_rate,1602,-0.017979533013504412
daly_rate,1603,-0.04337580507538252
daly_rate,1604,0.0058748468358573724
daly_rate,1605,-0.021877047845749953
daly_rate,1606,-0.009230107724720604
daly_rate,1607,-0.05756446807244364
daly_rate,1608,-0.06581998108810672
daly_rate,1609,-0.03514602828250046
daly_rate,1610,-0.0446665197950421
daly_rate,1611,0.010610597894607832
daly_rate,1612,-0.05663026481372113
daly_rate,1613,-0.08742936292794468
daly_rate,1614,-0.06139852098118331
daly_rate,1615,-0.024732710775336786
daly_rate,1616,-0.06692072395291093
daly_rate,1617,-0.050215256223515414
daly_rate,1618,-0.07512899180265464
daly_rate,1619,-0.1010197258749278
daly_rate,1620,-0.0956730056030165
daly_rate,1621,-0.021671161653368243
daly_rate,1622,0.06483985245168422
daly_rate,1623,-0.03126263254927886
daly_rate,1624,-0.05851041315379457
daly_rate,1625,-0.052296087067964514
daly_rate,1626,-0.024026368996894254
daly_rate,1627,-0.04394927788863545
daly_rate,1628,-0.03593159906528187
daly_rate,1629,-0.06734667267948813
daly_rate,1630,-0.05386840695678696
daly_rate,1631,-0.019149659703923017
daly_rate,1632,-0.07800558342465619
daly_rate,1633,-0.04282657252413502
daly_rate,1634,0.05254436324070344
daly_rate,1635,-0.04555806255259842
daly_rate,1636,0.02074793718176443
daly_rate,1637,-0.04860676203782077
daly_rate,1638,-0.06907455002671936
daly_rate,1639,-0.06618370545975982
daly_rate,1640,-0.026104459933604662
daly_rate,1641,-0.07959391468352876
daly_rate,1642,-0.06715083591066295
daly_rate,1643,-0.07635499645222998
daly_rate,1644,-0.041569820630908305
daly_rate,1645,-0.04465883378915453
daly_rate,1646,-0.055824421437949745
daly_rate,1647,-0.059908730115704856
daly_rate,1648,-0.07266395232463624
daly_rate,1649,0.006840608556416106
daly_rate,1650,-0.04749903564467979
daly_rate,1651,-0.022064878440362645
daly_rate,1652,-0.02016384349544298
daly_rate,1653,0.029233831513221398
daly_rate,1654,-0.03688156453269564
daly_rate,1655,-0.029611142036868543
daly_rate,1656,-0.030143648455097316
daly_rate,1657,-0.048091498361971574
daly_rate,1658,-0.03790583431417449
daly_rate,1659,-0.02403771993626047
daly_rate,1660,-0.0120992937199835
daly_rate,1661,-0.05305988306291942
daly_rate,1662,-0.06202391593778078
daly_rate,1663,-0.04319488269808569
daly_rate,1664,-0.03165090021280237
daly_rate,1665,-0.05056330800795916
daly_rate,1666,0.0023503314365559413
daly_rate,1667,-0.05985440193402125
daly_rate,1668,0.024177247707969363
daly_rate,1669,-0.0479887908398382
daly_rate,1670,-0.028584904105019016
daly_rate,1671,-0.0015715323378668877
daly_rate,1672,-0.06966180923112097
daly_rate,1673,-0.03899199180885726
daly_rate,1674,-0.030423749730503158
daly_rate,1675,0.010257619697261078
daly_rate,1676,-0.06788114549838442
daly_rate,1677,-0.09517823160503794
daly_rate,1678,-0.04751327513575332
daly_rate,1679,-0.015131227072646247
daly_rate,1680,-0.06094760216181894
daly_rate,1681,0.02493573969635343
daly_rate,1682,0.001970710755058669
daly_rate,1683,-0.0027512658361041886
daly_rate,1684,-0.014310158497498282
daly_rate,1685,-0.05224016242009788
daly_rate,1686,-0.04941633021277314
daly_rate,1687,0.012391524046238
daly_rate,1688,-0.02988357404375344
daly_rate,1689,-0.01738202999825572
daly_rate,1690,0.006628130274510646
daly_rate,1691,0.011797904691123517
daly_rate,1692,-0.04272154498445768
daly_rate,1693,-0.09815999278665721
daly_rate,1694,-0.005419036659596865
daly_rate,1695,-0.04431445250141758
daly_rate,1696,0.03331827363671391
daly_rate,1697,-0.06006099538717835
daly_rate,1698,-0.01599314807209873
daly_rate,1699,-0.03654395157614254
daly_rate,1700,-0.0482942712872414
daly_rate,1701,-0.09364393805661919
daly_rate,1702,0.01341279043723309
daly_rate,1703,-0.005939934351074427
daly_rate,1704,-0.060977489238893345
daly_rate,1705,-0.08312035065201417
daly_rate,1706,-0.014066363075340704
daly_rate,1707,-0.035824718560877544
daly_rate,1708,-0.09225442631765945
daly_rate,1709,-0.052228495728482094
daly_rate,1710,-0.07057949658983043
daly_rate,1711,-0.044635684927824215
daly_rate,1712,-0.09090017080234891
daly_rate,1713,0.01785746701361668
daly_rate,1714,-0.02713520651385226
daly_rate,1715,-0.03225413415399575
daly_rate,1716,0.023332508892855763
daly_rate,1717,0.03820769801194612
daly_rate,1718,-0.045251618522543335
daly_rate,1719,-0.04610505743939458
daly_rate,1720,-0.06567387324459495
daly_rate,1721,-0.038707083642926854
daly_rate,1722,-0.026465760976017008
daly_rate,1723,-0.08668608732817273
daly_rate,1724,0.0068830084346328535
daly_rate,1725,-0.05331532853221038
daly_rate,1726,0.01840967676869054
daly_rate,1727,-0.047024851589073435
daly_rate,1728,-0.03707045074319659
daly_rate,1729,-0.020805052375235333
daly_rate,1730,-0.022265177360775823
daly_rate,1731,-0.07907197874966454
daly_rate,1732,-0.059954030277498904
daly_rate,1733,-0.03577095692338217
daly_rate,1734,-0.06060930555034566
daly_rate,1735,0.01001418425808065
daly_rate,1736,-0.05100653177136705
daly_rate,1737,-0.08066601681652164
daly_rate,1738,-0.06441651597149023
daly_rate,1739,-0.04983110948238756
daly_rate,1740,-0.06892340320758428
daly_rate,1741,-0.03733456254234513
daly_rate,1742,-0.08376439449755546
daly_rate,1743,-0.04872564895091136
daly_rate,1744,-0.008594620840306266
daly_rate,1745,-0.0737382997496373
daly_rate,1746,-0.1285347594345554
daly_rate,1747,-0.021588494369561784
daly_rate,1748,-0.029650483463540378
daly_rate,1749,-0.05883695655732735
daly_rate,1750,-0.06211482008207181
daly_rate,1751,-0.035232666110564026
daly_rate,1752,-0.022852061204371665
daly_rate,1753,-0.04652426559625189
daly_rate,1754,-0.06097999163914958
daly_rate,1755,-0.06882158840557107
daly_rate,1756,0.022723069117073225
daly_rate,1757,-0.1024535273237096
daly_rate,1758,-0.041513669287397414
daly_rate,1759,-0.04266738880667287
daly_rate,1760,-0.04585363048071822
daly_rate,1761,-0.025520829777782306
daly_rate,1762,-0.04080670256872665
daly_rate,1763,-0.02956367628984169
daly_rate,1764,-0.04724387897275739
daly_rate,1765,0.06430895572722173
daly_rate,1766,0.01457355579335029
daly_rate,1767,-0.05707828216902899
daly_rate,1768,-0.06304711551892028
daly_rate,1769,-0.055864927871153824
daly_rate,1770,0.01873477376998678
daly_rate,1771,-0.016316813488258308
daly_rate,1772,0.00823239894099903
daly_rate,1773,-0.06547125882525451
daly_rate,1774,-0.04256423867509129
daly_rate,1775,-0.04647487996907562
daly_rate,1776,-0.025736432262578046
daly_rate,1777,-0.04027863761683792
daly_rate,1778,-0.04221418375233732
daly_rate,1779,-0.036564363935222444
daly_rate,1780,-0.044734399998162866
daly_rate,1781,0.0005424022302036313
daly_rate,1782,-0.03790961682291666
daly_rate,1783,-3.931720104871639e-05
daly_rate,1784,-0.10646326818413154
daly_rate,1785,0.0042611079261161144
daly_rate,1786,-0.022968306489576595
daly_rate,1787,-0.02276425580576591
daly_rate,1788,-0.005993963876425923
daly_rate,1789,0.1019419265118765
daly_rate,1790,-0.05973244537051009
daly_rate,1791,-0.037602695560644994
daly_rate,1792,-0.046046170853301316
daly_rate,1793,-0.05784971971502409
daly_rate,1794,-0.016358597150338938
daly_rate,1795,-0.02530950737512594
daly_rate,1796,-0.02808639917170086
daly_rate,1797,-0.0912022826066643
daly_rate,1798,0.01558818569599274
daly_rate,1799,-0.04554296347005893
daly_rate,1800,-0.06551676202284051
daly_rate,1801,-0.001924075132867742
daly_rate,1802,-0.019469415162468362
daly_rate,1803,0.003020561975272923
daly_rate,1804,0.03271728124617601
daly_rate,1805,0.03644259353152157
daly_rate,1806,-0.01689372583437193
daly_rate,1807,-0.06009501933003181
daly_rate,1808,-0.07925912207509067
daly_rate,1809,-0.0332155089873436
daly_rate,1810,-0.10490963498603989
daly_rate,1811,-0.08407789237632324
daly_rate,1812,-0.06190248299918488
daly_rate,1813,-0.05980537015384302
daly_rate,1814,-0.05076658321194083
daly_rate,1815,-0.02664270758785625
daly_rate,1816,-0.01764117401201326
daly_rate,1817,-0.031072610806910927
daly_rate,1818,-0.058679774348181946
daly_rate,1819,0.003570834227846126
daly_rate,1820,0.033432308768859276
daly_rate,1821,-0.08804739494533886
daly_rate,1822,-0.034959901337530463
daly_rate,1823,-0.06265313763455577
daly_rate,1824,0.0024678493686063896
daly_rate,1825,-0.006129585008395333
daly_rate,1826,-0.056534407565129285
daly_rate,1827,-0.03690690188602597
daly_rate,1828,-0.06090497875559264
daly_rate,1829,-0.02577958566188432
daly_rate,1830,-0.03207902227174597
daly_rate,1831,-0.039791890456915446
daly_rate,1832,-0.07227612257839
daly_rate,1833,-0.062128459370791034
daly_rate,1834,-0.04359096965596815
daly_rate,1835,-0.015197960056128557
daly_rate,1836,-0.04322777180751691
daly_rate,1837,-0.0035250224981777656
daly_rate,1838,0.008536203682361299
daly_rate,1839,-0.02725743729542729
daly_rate,1840,-0.04666424409040193
daly_rate,1841,-0.01929151028161935
daly_rate,1842,-0.05435185660078498
daly_rate,1843,-0.03153787371841732
daly_rate,1844,-0.0863770062413387
daly_rate,1845,-0.033127419978458916
daly_rate,1846,-0.031072382042984792
daly_rate,1847,-0.020049201959313367
daly_rate,1848,-0.09769235610364191
daly_rate,1849,-0.0395985089632116
daly_rate,1850,-0.02721553542405547
daly_rate,1851,-0.07636906462463483
daly_rate,1852,-0.010530712033355982
daly_rate,1853,-0.08400792710732397
daly_rate,1854,-0.016500719740535463
daly_rate,1855,-0.05337503405469213
daly_rate,1856,-0.08185646426468116
daly_rate,1857,-0.01593565890533366
daly_rate,1858,-0.035582228687566
daly_rate,1859,-0.07068223725093847
daly_rate,1860,-0.03628984174242711
daly_rate,1861,-0.013275335804540211
daly_rate,1862,-0.04914528782642513
daly_rate,1863,-0.09688366035340479
daly_rate,1864,-0.05036305602280666
daly_rate,1865,0.020964516860104032
daly_rate,1866,-0.04591189595168299
daly_rate,1867,-0.040628942250809263
daly_rate,1868,-0.05378862857292854
daly_rate,1869,2.2432133625627237e-06
daly_rate,1870,-0.08345075046510042
daly_rate,1871,-0.05096954835664308
daly_rate,1872,-0.0008778181488087178
daly_rate,1873,-0.0753829618517391
daly_rate,1874,-0.08790234184633783
daly_rate,1875,-0.011058564411433103
daly_rate,1876,-0.06828968534254853
daly_rate,1877,-0.02135477210847536
daly_rate,1878,-0.0856022510978125
daly_rate,1879,-0.05700490030974592
daly_rate,1880,0.023046962298296614
daly_rate,1881,0.010223024539570247
daly_rate,1882,0.02605272440022005
daly_rate,1883,-0.01693378097939957
daly_rate,1884,-0.0454197668238463
daly_rate,1885,-0.011997579322473362
daly_rate,1886,0.00043164397544326327
daly_rate,1887,-0.05644596580814995
daly_rate,1888,-0.08013415434939719
daly_rate,1889,-0.037770632064062004
daly_rate,1890,-0.024787616960115333
daly_rate,1891,-0.03295171491696647
daly_rate,1892,-0.05417378512193849
daly_rate,1893,-0.07969699017335952
daly_rate,1894,0.015659547018929354
daly_rate,1895,-0.023419916461427825
daly_rate,1896,-0.024366424329679504
daly_rate,1897,-0.061157175975715905
daly_rate,1898,-0.029748631636914324
daly_rate,1899,-0.08195903976205898
daly_rate,1900,-0.057035755225881446
daly_rate,1901,-0.022910455000713537
daly_rate,1902,0.01173515977324735
daly_rate,1903,-0.02315749047807958
daly_rate,1904,0.03424678260485936
daly_rate,1905,0.017571181145526582
daly_rate,1906,0.003401392850913232
daly_rate,1907,-0.03301839824534002
daly_rate,1908,-0.015897788781740085
daly_rate,1909,-0.05078762810452142
daly_rate,1910,-0.13616764890559874
daly_rate,1911,-0.04684652046527238
daly_rate,1912,-0.06018426159305035
daly_rate,1913,-0.09775808280421339
daly_rate,1914,-0.07079534817319622
daly_rate,1915,-0.011556532690903731
daly_rate,1916,-0.033898775656150126
daly_rate,1917,-0.06543857366828454
daly_rate,1918,0.006243278213863945
daly_rate,1919,-0.051331994776510737
daly_rate,1920,0.010197987080273307
daly_rate,1921,-0.031730156101484774
daly_rate,1922,-0.046866934246453607
daly_rate,1923,-0.018678069564762367
daly_rate,1924,-0.04994399954366813
daly_rate,1925,-0.05435837848046787
daly_rate,1926,-0.061602268517176095
daly_rate,1927,0.04193379903427913
daly_rate,1928,-0.09258145100177906
daly_rate,1929,-0.05581338927278234
daly_rate,1930,-0.0176933485623757
daly_rate,1931,0.02615911431965673
daly_rate,1932,-0.09404713688888955
daly_rate,1933,-0.056364095340000725
daly_rate,1934,-0.03769533787143342
daly_rate,1935,-0.07847966505662532
daly_rate,1936,-0.03166613369062232
daly_rate,1937,0.027764809299131166
daly_rate,1938,-0.10204586493837897
daly_rate,1939,-0.03391988339215568
daly_rate,1940,-0.03710457173368531
daly_rate,1941,-0.03587047896399509
daly_rate,1942,-0.016780581112625592
daly_rate,1943,-0.01578376945221116
daly_rate,1944,-0.04279140581864316
daly_rate,1945,0.018964204649669858
daly_rate,1946,-0.011306785429195998
daly_rate,1947,0.030889785367608225
daly_rate,1948,-0.07122117310756448
daly_rate,1949,-0.050715913898649045
daly_rate,1950,-0.05204482619561701
daly_rate,1951,-0.0816549951082477
daly_rate,1952,-0.010741622442062226
daly_rate,1953,-0.04294629134754113
daly_rate,1954,-0.032651657734137154
daly_rate,1955,-0.0001648856336826654
daly_rate,1956,-0.012020449312756032
daly_rate,1957,-0.034359318850233744
daly_rate,1958,-0.028969718331997463
daly_rate,1959,-0.03654008541379011
daly_rate,1960,-0.06992722504049148
daly_rate,1961,-0.08639266142345936
daly_rate,1962,0.010878635219675581
daly_rate,1963,-0.04268329513783481
daly_rate,1964,-0.06628075452178606
daly_rate,1965,-0.010119501935754283
daly_rate,1966,0.002594129460345096
daly_rate,1967,-0.020214877591638314
daly_rate,1968,-0.010276462889090121
daly_rate,1969,-0.007839389706468136
daly_rate,1970,-0.05828875121060517
daly_rate,1971,-0.07560991747289353
daly_rate,1972,-0.028597837877938126
daly_rate,1973,-0.031875383755969766
daly_rate,1974,-0.06393715972558
daly_rate,1975,0.041055782074814084
daly_rate,1976,-0.009079301194874656
daly_rate,1977,-0.11459403165542792
daly_rate,1978,-0.028352628860172757
daly_rate,1979,-0.025003799725293874
daly_rate,1980,-0.07590687259057605
daly_rate,1981,-0.08631266200728671
daly_rate,1982,-0.04380014019882683
daly_rate,1983,-0.02926046053635778
daly_rate,1984,-0.042337214352774044
daly_rate,1985,-0.07031749029396062
daly_rate,1986,-0.02275151646019935
daly_rate,1987,-0.005045322887388459
daly_rate,1988,-0.00992253061632764
daly_rate,1989,-0.022287088377858227
daly_rate,1990,-0.027619222365757534
daly_rate,1991,-0.013047622109903512
daly_rate,1992,-0.0453080658364553
daly_rate,1993,-0.07668492954706774
daly_rate,1994,0.014701728944959691
daly_rate,1995,-0.0431496357028629
daly_rate,1996,-0.12498879327173956
daly_rate,1997,-0.13285981017726967
daly_rate,1998,-0.003776382227929087
daly_rate,1999,-0.05154904898627288
death_rate,0,-0.02206036484071716
death_rate,1,0.01170833332735119
death_rate,2,-0.008214422411984557
death_rate,3,-0.07618469033946446
death_rate,4,-0.012795743229065959
death_rate,5,-0.07706727001701658
death_rate,6,0.02933291115776515
death_rate,7,-0.07909852897034858
death_rate,8,-0.08952623400967963
death_rate,9,-0.031965092644257065
death_rate,10,-0.05075141876521627
death_rate,11,-0.01909301195218932
death_rate,12,-0.009888050506139001
death_rate,13,-0.10154308851808624
death_rate,14,-0.014350258499060242
death_rate,15,-0.14172606209981342
death_rate,16,-0.08751544428033092
death_rate,17,-0.033256817294150975
death_rate,18,-0.03558133692078147
death_rate,19,-0.07614492535916784
death_rate,20,-0.022925603952006046
death_rate,21,-0.09406385528959382
death_rate,22,-0.04733781493187471
death_rate,23,-0.019921474379040127
death_rate,24,0.005593338107437118
death_rate,25,-0.0021692802323268756
death_rate,26,-0.060029434067033496
death_rate,27,-0.1069992820873818
death_rate,28,-0.019326182387634727
death_rate,29,-0.09631514282952414
death_rate,30,0.007163684312482377
death_rate,31,-0.06554902502154175
death_rate,32,-0.048552492049721896
death_rate,33,-0.04759774882371848
death_rate,34,-0.08200838377320963
death_rate,35,-0.0806689280802213
death_rate,36,-0.016205387126592585
death_rate,37,-0.04650686001797402
death_rate,38,-0.02833808315185382
death_rate,39,0.00037245490098047895
death_rate,40,-0.016436708863091787
death_rate,41,-0.029984326888125773
death_rate,42,-0.07084675531561935
death_rate,43,-0.05826688838126892
death_rate,44,-0.0047530962299840995
death_rate,45,-0.03006863308297336
death_rate,46,-0.10524610673298238
death_rate,47,-0.11165230065079498
death_rate,48,-0.10076001726829686
death_rate,49,-0.05512152209590182
death_rate,50,-0.06672146827993128
death_rate,51,-4.373784998251695e-05
death_rate,52,-0.07934739906624955
death_rate,53,-0.061063014992747244
death_rate,54,0.0027469563301170674
death_rate,55,-0.0025313365753524275
death_rate,56,-0.12756309537164556
death_rate,57,-0.15765307531552009
death_rate,58,-0.010210118847370997
death_rate,59,-0.0496491281656416
death_rate,60,0.023793731505718563
death_rate,61,-0.004415994882069896
death_rate,62,-0.010565568752764265
death_rate,63,-0.05195505809158385
death_rate,64,-0.03242176238523187
death_rate,65,0.000921979127526007
death_rate,66,-0.057363214686532576
death_rate,67,0.05383079340746222
death_rate,68,0.035688961426590615
death_rate,69,-0.16071263999607688
death_rate,70,-0.023772471967146602
death_rate,71,-0.021711726748881943
death_rate,72,-0.07125697754309912
death_rate,73,-0.09063164949073521
death_rate,74,0.007031699916549949
death_rate,75,-0.030988505587143278
death_rate,76,-0.028977663727323688
death_rate,77,-0.03201882967189246
death_rate,78,-0.0058074321093484205
death_rate,79,-0.07849400192770994
death_rate,80,-0.06923660263599629
death_rate,81,-0.023614535594480374
death_rate,82,-0.05090742370104995
death_rate,83,-0.004985417840603579
death_rate,84,-0.030877601174768454
death_rate,85,-0.026085767493884915
death_rate,86,-0.01652236241595184
death_rate,87,-0.10602473518962685
death_rate,88,-0.024803121251657845
death_rate,89,-0.06904924236325433
death_rate,90,-0.05937934731764749
death_rate,91,0.012937216602509127
death_rate,92,-0.005541575996982476
death_rate,93,-0.05415662838116381
death_rate,94,-0.1446455155066012
death_rate,95,-0.053429784792075
death_rate,96,-0.07593407565812388
death_rate,97,0.003463699253737129
death_rate,98,-0.0050348717224073525
death_rate,99,0.011742727465300251
death_rate,100,-0.022126111781527624
death_rate,101,-0.12785505885343906
death_rate,102,0.0207587865827783
death_rate,103,-0.1252951204719091
death_rate,104,0.02980171871867704
death_rate,105,-0.06839340765112678
death_rate,106,-0.08744988891883665
death_rate,107,-0.029461563863513895
death_rate,108,-0.06927324309611094
death_rate,109,-0.052794549011895564
death_rate,110,-0.07339002776857528
death_rate,111,-0.008498276902162316
death_rate,112,-0.03911140221635212
death_rate,113,0.043736491964165555
death_rate,114,-0.12270649049872917
death_rate,115,-0.05532816236039251
death_rate,116,-0.03271391551986347
death_rate,117,-0.046399925784599616
death_rate,118,-0.036091932595504195
death_rate,119,-0.013222196310337248
death_rate,120,0.031754320731692265
death_rate,121,-0.013911845485089336
death_rate,122,0.006898807156683784
death_rate,123,-0.09490949630257611
death_rate,124,0.039029446991874495
death_rate,125,-0.0206516041773388
death_rate,126,-0.009499119281798474
death_rate,127,-0.03426824237199977
death_rate,128,-0.0574468864699097
death_rate,129,-0.035816452714298785
death_rate,130,-0.02263712321147654
death_rate,131,-0.08846008893715063
death_rate,132,-0.08660383192329826
death_rate,133,0.028128946635781915
death_rate,134,-0.0376715722246998
death_rate,135,-0.0323215145968071
death_rate,136,-0.05250758016093171
death_rate,137,-0.032547789715872355
death_rate,138,-0.009473112828960462
death_rate,139,-0.08579871113382159
death_rate,140,0.006736879117765965
death_rate,141,-0.05766599773336811
death_rate,142,-0.04063044627214807
death_rate,143,-0.08383278960328622
death_rate,144,-0.1440985481229978
death_rate,145,0.044031237879810114
death_rate,146,-0.054016598797694465
death_rate,147,-0.05210269956274449
death_rate,148,-0.016375129854640902
death_rate,149,-0.06824323693355683
death_rate,150,-0.049582108502476574
death_rate,151,-0.07330241846404517
death_rate,152,-0.09681872089816637
death_rate,153,-0.04373964471741909
death_rate,154,-0.017220088973121273
death_rate,155,-0.0358303536380391
death_rate,156,-0.0756900772816182
death_rate,157,-0.05005209447398806
death_rate,158,-0.06371539124741743
death_rate,159,-0.003663009175777443
death_rate,160,-0.050990829155272976
death_rate,161,-0.09495941487678572
death_rate,162,-0.03849454421617171
death_rate,163,0.02456323502545993
death_rate,164,-0.023782097262796453
death_rate,165,-0.04806854732637955
death_rate,166,-0.06313101210649344
death_rate,167,-0.007620910435453931
death_rate,168,-0.09675500318093144
death_rate,169,-0.07873133142678229
death_rate,170,-0.015455367869396053
death_rate,171,-0.050890038273675886
death_rate,172,-0.07871793780533487
death_rate,173,-0.06388988042208221
death_rate,174,-0.12311436598348313
death_rate,175,-0.014574456897140875
death_rate,176,-0.07942434334954618
death_rate,177,-0.10309607614236804
death_rate,178,-0.031587224065317
death_rate,179,-0.05420204242616533
death_rate,180,-0.0165254519377509
death_rate,181,-0.012776139233429185
death_rate,182,-0.023503414392775923
death_rate,183,-0.009664399003323498
death_rate,184,-0.03872921915209171
death_rate,185,-0.03577424180173494
death_rate,186,-0.05992666266333346
death_rate,187,-0.024315580124538716
death_rate,188,-0.06428795263474252
death_rate,189,0.0061486181727623546
death_rate,190,-0.04789721622736576
death_rate,191,-0.07058145849579067
death_rate,192,-0.05772028512446303
death_rate,193,0.006893725029304798
death_rate,194,-0.06601775811618593
death_rate,195,-0.07170019183130316
death_rate,196,-0.01530382545752916
death_rate,197,-0.011585076603573052
death_rate,198,-0.055569838237984115
death_rate,199,-0.016268206887556258
death_rate,200,-0.03249215452427723
death_rate,201,-0.04620972005649027
death_rate,202,-0.05773519290813023
death_rate,203,-0.039620048041792644
death_rate,204,0.033146271048420495
death_rate,205,-0.005866042476624714
death_rate,206,-0.046030630984122384
death_rate,207,-0.09231153489152544
death_rate,208,-0.05649771420961991
death_rate,209,0.02307969898634843
death_rate,210,-0.03364954007673182
death_rate,211,-0.02831575755853502
death_rate,212,0.04129598328855477
death_rate,213,0.12417770021559918
death_rate,214,-0.10567766817536911
death_rate,215,-0.04205211390963548
death_rate,216,-0.08998401562815539
death_rate,217,-0.06917155078203674
death_rate,218,-0.11789315921302201
death_rate,219,-0.0374357574271193
death_rate,220,-0.07137701933334073
death_rate,221,-0.020152508786317525
death_rate,222,-0.06707368566829963
death_rate,223,-0.012260620100745134
death_rate,224,-0.08562504365909701
death_rate,225,-0.03165052086387837
death_rate,226,-0.05574526000049401
death_rate,227,-0.03469148071378786
death_rate,228,-0.031042214560341064
death_rate,229,-0.06037064424678429
death_rate,230,0.016734739825286615
death_rate,231,-0.011215050179198216
death_rate,232,-0.09311628161825602
death_rate,233,-0.09065212483745583
death_rate,234,-0.06033966980128902
death_rate,235,-0.059753268080396105
death_rate,236,-0.005670874185573105
death_rate,237,0.07230920154230125
death_rate,238,-0.006825783640404315
death_rate,239,-0.06839313089535609
death_rate,240,0.019200895405270035
death_rate,241,-0.05907792512068166
death_rate,242,-0.0386440127665818
death_rate,243,-0.008291584843297728
death_rate,244,0.03899549805689517
death_rate,245,-0.016684847773281664
death_rate,246,-0.0992808843230309
death_rate,247,-0.0637342757564654
death_rate,248,-0.025834127362861947
death_rate,249,-0.06507596452738251
death_rate,250,-0.014994106518314454
death_rate,251,0.029704764462035294
death_rate,252,-0.06236304134185344
death_rate,253,0.028149451907692025
death_rate,254,-0.0902744201704801
death_rate,255,0.012672772777360175
death_rate,256,-0.0900439633102216
death_rate,257,-0.10006090450637606
death_rate,258,-0.02837024239486796
death_rate,259,-0.08811850919483077
death_rate,260,-0.030766160523749475
death_rate,261,-0.05857904030086525
death_rate,262,-0.08011624059016836
death_rate,263,-0.10527738062755182
death_rate,264,-0.06604983252110042
death_rate,265,-0.031238897785068026
death_rate,266,-0.02709151619470679
death_rate,267,-0.051555909657413634
death_rate,268,-0.0771931934752983
death_rate,269,-0.07194703074542691
death_rate,270,-0.022535955915360062
death_rate,271,-0.12445285491250407
death_rate,272,-0.09354800235980543
death_rate,273,-0.03656160401014108
death_rate,274,-0.14196246757532388
death_rate,275,0.022409415179757974
death_rate,276,-0.04321758924746277
death_rate,277,-0.0877985792817122
death_rate,278,-0.014404002846652553
death_rate,279,-0.05660418351100516
death_rate,280,-0.06995720391866098
death_rate,281,-0.05149484316050379
death_rate,282,-0.08838309702782565
death_rate,283,-0.05411734298582184
death_rate,284,-0.10080034169274632
death_rate,285,-0.039447757386196186
death_rate,286,-0.007635652456604358
death_rate,287,-0.0018593299275634911
death_rate,288,-0.047209664551346675
death_rate,289,-0.01654765916380585
death_rate,290,0.0020191824821443882
death_rate,291,-0.012193223352419513
death_rate,292,-0.008273841749955047
death_rate,293,-0.02361388154964883
death_rate,294,-0.02194704087787472
death_rate,295,0.021704378905961774
death_rate,296,-0.04818978789811412
death_rate,297,0.009905470348079426
death_rate,298,-0.0034563457045789364
death_rate,299,-0.0873545029339926
death_rate,300,-0.013092658117700218
death_rate,301,-0.04954386579738901
death_rate,302,-0.0321451009988053
death_rate,303,-0.0025870233880058158
death_rate,304,-0.03159553819370253
death_rate,305,-0.01939024437711967
death_rate,306,-0.016419125354667496
death_rate,307,-0.061141769389528325
death_rate,308,-0.0512371147695212
death_rate,309,0.007720466952265054
death_rate,310,-0.02911443196961938
death_rate,311,-0.06797980693735686
death_rate,312,-0.062473070316918955
death_rate,313,0.0014487593483205607
death_rate,314,-0.004491753869446724
death_rate,315,0.02553469324615376
death_rate,316,-0.04025144923329896
death_rate,317,-0.03434020860653997
death_rate,318,0.02733076838059456
death_rate,319,-0.03173823121473729
death_rate,320,0.02065202209484518
death_rate,321,-0.034457370290749134
death_rate,322,-0.057559166334249956
death_rate,323,-0.004087374901713767
death_rate,324,-0.03534448749488295
death_rate,325,-0.0454955945067225
death_rate,326,-0.028478826264789148
death_rate,327,-0.0330161247038995
death_rate,328,-0.035177920805005924
death_rate,329,-0.02479621677555066
death_rate,330,0.008687268180813806
death_rate,331,-0.04938879532279039
death_rate,332,-0.06861725452955507
death_rate,333,-0.1393223611500386
death_rate,334,-0.06483228778347333
death_rate,335,0.023504566102160646
death_rate,336,-0.0631813984091616
death_rate,337,-0.037112842869785556
death_rate,338,-0.01596557091471751
death_rate,339,-0.10460700373611523
death_rate,340,-0.08003906657571871
death_rate,341,-0.04836349352037915
death_rate,342,-0.029038656670050456
death_rate,343,-0.08328811145357706
death_rate,344,0.06224990997536528
death_rate,345,-0.042837003909772575
death_rate,346,-0.10794990329280751
death_rate,347,0.010756153760405951
death_rate,348,-0.00166379507444811
death_rate,349,-0.009599512492906026
death_rate,350,-0.06062281292466343
death_rate,351,0.03519731252510372
death_rate,352,0.005876502732555813
death_rate,353,-0.072487638286443
death_rate,354,0.02617287796637857
death_rate,355,0.0014720310347695609
death_rate,356,0.01891840060359895
death_rate,357,-0.04215739309239197
death_rate,358,-0.10351959414453615
death_rate,359,-0.05639506766732505
death_rate,360,-0.04305541661476109
death_rate,361,-0.0493032153400548
death_rate,362,0.015110219091604149
death_rate,363,-0.006069470863904747
death_rate,364,0.0036429388190706846
death_rate,365,-0.046857512480189045
death_rate,366,-0.0232885381474775
death_rate,367,0.00881248954451308
death_rate,368,-0.052554911590069975
death_rate,369,-0.045213271191540616
death_rate,370,0.0027682877793100413
death_rate,371,-0.0065459033105015885
death_rate,372,-0.004312275991228631
death_rate,373,-0.07311672716353856
death_rate,374,-0.12306023457967163
death_rate,375,-0.018627558013944334
death_rate,376,-0.08540018511801384
death_rate,377,0.005193638881565654
death_rate,378,-0.01745756304937604
death_rate,379,-0.09990322318419076
death_rate,380,-0.0375213504641001
death_rate,381,-0.02998930942490491
death_rate,382,-0.0429057279720413
death_rate,383,0.0377370403198094
death_rate,384,-0.043471277640917794
death_rate,385,-0.03446687387733993
death_rate,386,-0.07459652263879091
death_rate,387,0.03825178248412864
death_rate,388,0.033571134129587454
death_rate,389,-0.008829783565220739
death_rate,390,-0.04713182353507428
death_rate,391,0.008475886200738747
death_rate,392,-0.08349170073095535
death_rate,393,-0.11665301440942288
death_rate,394,0.0031280137065037295
death_rate,395,0.013376679142007353
death_rate,396,0.054035537343414375
death_rate,397,-0.032657969020261246
death_rate,398,-0.047068691768294646
death_rate,399,-0.09324273564997643
death_rate,400,-0.040231896149179935
death_rate,401,-0.1174461425255939
death_rate,402,-0.008795815055579581
death_rate,403,-0.03412891633355519
death_rate,404,-0.1605965372243091
death_rate,405,-0.02532404701120572
death_rate,406,-0.012430425281434357
death_rate,407,-0.023731968060764275
death_rate,408,-0.05879240015133824
death_rate,409,-0.11011046581204165
death_rate,410,-0.027949005187937193
death_rate,411,-0.020095207517473124
death_rate,412,-0.13966793066862182
death_rate,413,-0.04277453658925201
death_rate,414,-0.03226943007946842
death_rate,415,-0.05522763948298792
death_rate,416,-0.06198844044518692
death_rate,417,-0.0016901491039337246
death_rate,418,-0.05647082866993025
death_rate,419,-0.058773107415404646
death_rate,420,-0.05495087727960746
death_rate,421,-0.015325082292702963
death_rate,422,-0.06472722053662716
death_rate,423,-0.06955757172077126
death_rate,424,-0.04242582501492964
death_rate,425,0.0613586010899107
death_rate,426,-0.06169452193539304
death_rate,427,-0.08569986285773279
death_rate,428,-0.05739558693484598
death_rate,429,0.016282023023153375
death_rate,430,-0.18378860670769653
death_rate,431,-0.05152290087800837
death_rate,432,-0.025501452626961074
death_rate,433,-0.008722131860511406
death_rate,434,-0.08748018099149113
death_rate,435,-0.047786744246513524
death_rate,436,-0.03760876510893241
death_rate,437,0.027487801233396336
death_rate,438,-0.13826844610353461
death_rate,439,-0.034037972458875965
death_rate,440,-0.102577162610025
death_rate,441,-0.042544141642559374
death_rate,442,-0.03872119302656246
death_rate,443,-0.04717735658536526
death_rate,444,-0.08997632617293894
death_rate,445,-0.014172744062765474
death_rate,446,-0.04368462260988559
death_rate,447,-0.04168658380776147
death_rate,448,-0.0038248735589217486
death_rate,449,-0.01080396400801964
death_rate,450,-0.10155907271355313
death_rate,451,0.01888271363110905
death_rate,452,-0.06233239595223683
death_rate,453,-0.06683496404579703
death_rate,454,-0.0077272825471279005
death_rate,455,-0.03977570260637636
death_rate,456,-0.09301592625838462
death_rate,457,-0.005243257578807392
death_rate,458,0.018200498142971366
death_rate,459,-0.009974470113887302
death_rate,460,-0.03613599245350263
death_rate,461,-0.1035453833051303
death_rate,462,-0.034538692289984296
death_rate,463,-0.033294982675224155
death_rate,464,-0.07478272035167599
death_rate,465,0.06234786735568998
death_rate,466,-0.10277251538836688
death_rate,467,-0.0562768496327275
death_rate,468,-0.04499303459090165
death_rate,469,-0.06841255477613956
death_rate,470,-0.054634079699689087
death_rate,471,-0.10933901155866521
death_rate,472,-0.10916451161453189
death_rate,473,0.01168913917597314
death_rate,474,-0.05017207354023551
death_rate,475,-0.0506009832193397
death_rate,476,-0.07272161733762583
death_rate,477,-0.05551784144870109
death_rate,478,0.09172677916493299
death_rate,479,-0.1331348406998113
death_rate,480,-0.016937386117144237
death_rate,481,-0.026450918993303263
death_rate,482,0.011920381447256823
death_rate,483,-0.11598146145803218
death_rate,484,-0.07454166118092964
death_rate,485,-0.018932260108885435
death_rate,486,-0.04222946594954674
death_rate,487,0.01097457377888239
death_rate,488,-0.010363219860093309
death_rate,489,-0.10278560121788549
death_rate,490,0.04077961041583811
death_rate,491,-0.10658904508837286
death_rate,492,-0.057797506237969754
death_rate,493,-0.09525073774892112
death_rate,494,-0.016619486907656383
death_rate,495,-0.0483539300560597
death_rate,496,0.042892401074326014
death_rate,497,-0.048799202111796225
death_rate,498,-0.007104944838124572
death_rate,499,0.042721584874796714
death_rate,500,-0.07967476660097517
death_rate,501,-0.029466686332761505
death_rate,502,-0.0036236264754387904
death_rate,503,-0.029812931723425695
death_rate,504,-0.06144443179629833
death_rate,505,-0.05158438868222026
death_rate,506,-0.08575839504309389
death_rate,507,-0.026681442875357175
death_rate,508,-0.09540864229353418
death_rate,509,-0.009363846258455696
death_rate,510,-0.03394350847078775
death_rate,511,-0.023799707369180023
death_rate,512,-0.0316372289338302
death_rate,513,-0.007952848545506153
death_rate,514,-0.013709222934979337
death_rate,515,-0.03925536749431735
death_rate,516,-0.05247197259047348
death_rate,517,-0.011155426716086408
death_rate,518,-0.036312677606973376
death_rate,519,-0.06131276749063669
death_rate,520,-0.0760392478391545
death_rate,521,-0.024263270536368786
death_rate,522,-0.07905861982909312
death_rate,523,-0.0022763308598676146
death_rate,524,-0.06245287282672474
death_rate,525,0.023900487677551263
death_rate,526,0.011188944902338571
death_rate,527,-0.08016719394507343
death_rate,528,-0.014302907801346715
death_rate,529,-0.0588887874447962
death_rate,530,-0.0030087848980545617
death_rate,531,-0.0939703901433325
death_rate,532,0.0326525908780472
death_rate,533,-0.011246179380185461
death_rate,534,-0.07748783229332434
death_rate,535,-0.05200324196077055
death_rate,536,-0.030780248459396767
death_rate,537,-0.05612467531488974
death_rate,538,-0.050779113264013465
death_rate,539,-0.04777390684307614
death_rate,540,-0.026391961739535175
death_rate,541,-0.04149772292457343
death_rate,542,-0.035297181823474744
death_rate,543,-0.023290880179618778
death_rate,544,0.03086057385206953
death_rate,545,-0.07490167849804796
death_rate,546,0.03991829734237884
death_rate,547,-0.0218196073249311
death_rate,548,-0.10162774421105908
death_rate,549,-0.03843512889324438
death_rate,550,-0.014409943271835979
death_rate,551,-0.04004179544961317
death_rate,552,-0.03931755947773363
death_rate,553,-0.05442412438922689
death_rate,554,-0.048283076058858176
death_rate,555,-0.08571266046405834
death_rate,556,-0.09813190971921182
death_rate,557,-0.02236548180368997
death_rate,558,-0.03754864231092517
death_rate,559,-0.04227723208869752
death_rate,560,0.023400473668214128
death_rate,561,-0.026858675192629633
death_rate,562,-0.020804406817888532
death_rate,563,-0.09215070612952625
death_rate,564,0.019443618491555903
death_rate,565,0.03710801830634136
death_rate,566,-0.04276614741161222
death_rate,567,-0.052351174234578746
death_rate,568,-0.011958812691285528
death_rate,569,-0.05764590548036441
death_rate,570,0.030683207832031434
death_rate,571,-0.06386950402323777
death_rate,572,-0.11490849201826847
death_rate,573,-0.08535399392491488
death_rate,574,-0.0827200612496447
death_rate,575,-0.010932806301476375
death_rate,576,-0.12248897907945974
death_rate,577,0.02850905537075732
death_rate,578,-0.06131672185587578
death_rate,579,-0.03655116428858474
death_rate,580,-0.032768754865025396
death_rate,581,-0.07269928800043468
death_rate,582,0.005741406066805219
death_rate,583,-0.027800051879145582
death_rate,584,-0.0881823541677958
death_rate,585,-0.08526745932053681
death_rate,586,-0.0970888463811409
death_rate,587,-0.04892225902348746
death_rate,588,-0.04964332249414308
death_rate,589,-0.00442843091569578
death_rate,590,-0.05016055436914624
death_rate,591,0.021689021139463693
death_rate,592,-0.0037066414334569198
death_rate,593,0.009907469424352833
death_rate,594,0.035957524260588736
death_rate,595,-0.03199122071298144
death_rate,596,-0.009574279688995602
death_rate,597,-0.030302221957310985
death_rate,598,-0.06093939095214718
death_rate,599,-0.03942737502817473
death_rate,600,-0.039334707018417236
death_rate,601,-0.0373295079367395
death_rate,602,-0.05270567121452996
death_rate,603,-0.07265332350914117
death_rate,604,-0.007119888431621063
death_rate,605,0.016801637919031498
death_rate,606,0.0236746520250824
death_rate,607,-0.10000699263007351
death_rate,608,-0.0019898418207527913
death_rate,609,0.001572659830908374
death_rate,610,0.07438426999520176
death_rate,611,-0.01556829153669037
death_rate,612,-0.0828388406345007
death_rate,613,-0.027652566688531083
death_rate,614,-0.047328849488205704
death_rate,615,0.02772492007744809
death_rate,616,0.018667984419757894
death_rate,617,0.005163729633062997
death_rate,618,-0.06443391107531782
death_rate,619,0.07055268133589676
death_rate,620,-0.03434867254464358
death_rate,621,-0.05330709626099517
death_rate,622,-0.07206731733453281
death_rate,623,-0.11352399862631429
death_rate,624,-0.015482685290856724
death_rate,625,0.053429730461662994
death_rate,626,-0.05140676628298557
death_rate,627,-0.08806578693234446
death_rate,628,-0.0052404008227339705
death_rate,629,-0.08606923892564647
death_rate,630,-0.053821640012092
death_rate,631,-0.09546787937193035
death_rate,632,-0.0768099785212003
death_rate,633,-0.080071250569684
death_rate,634,-0.0816723744766672
death_rate,635,-0.04903347026906579
death_rate,636,-0.017812865470542727
death_rate,637,0.004669418995956298
death_rate,638,-0.029514754805994525
death_rate,639,-0.06743280706252602
death_rate,640,0.008213758785797831
death_rate,641,-0.06460529160562833
death_rate,642,-0.00648413585254369
death_rate,643,-0.0576957415009014
death_rate,644,-0.07328406431719281
death_rate,645,-0.007103743238087934
death_rate,646,0.0011393083813726612
death_rate,647,0.05386379142614828
death_rate,648,-0.03940154315827171
death_rate,649,-0.0880191348123277
death_rate,650,-0.16367570284933453
death_rate,651,-0.05956672955780168
death_rate,652,-0.022294310661788663
death_rate,653,0.011080962959861163
death_rate,654,0.00533357565233139
death_rate,655,-0.049108610565714694
death_rate,656,-0.0696759678848311
death_rate,657,0.020722767910617
death_rate,658,0.015523147466563358
death_rate,659,-0.015570793498261626
death_rate,660,-0.14101755550437078
death_rate,661,-0.011904712416554053
death_rate,662,-0.04941620361620669
death_rate,663,-0.013005635783560066
death_rate,664,-0.03269611925951332
death_rate,665,0.013319337232238104
death_rate,666,0.008100582724809291
death_rate,667,-0.03291200294820246
death_rate,668,0.03425550077848438
death_rate,669,-0.022474928776086506
death_rate,670,-0.058648370970322605
death_rate,671,-0.12170517673854597
death_rate,672,-0.017119112291844762
death_rate,673,-0.07268741941588486
death_rate,674,-0.00908593365395488
death_rate,675,-0.03350345293793211
death_rate,676,-0.05368765045866308
death_rate,677,-0.024458646915696436
death_rate,678,0.031539579870696166
death_rate,679,-0.016629093593128197
death_rate,680,-0.02073831869399989
death_rate,681,-0.034100428007573846
death_rate,682,-0.12029623260677225
death_rate,683,-0.0259199127581331
death_rate,684,-0.07904616802121656
death_rate,685,-0.05818367523555523
death_rate,686,0.0027182135165918497
death_rate,687,0.015246125590994142
death_rate,688,-0.025593595831606072
death_rate,689,-0.1101924375090545
death_rate,690,-0.03359889925696491
death_rate,691,-0.05232055605362129
death_rate,692,-0.01720046447465884
death_rate,693,-0.05996348871354318
death_rate,694,0.030998384919885547
death_rate,695,0.01086654081815941
death_rate,696,-0.08240724155966943
death_rate,697,-0.018468389775072286
death_rate,698,-0.07052778671063609
death_rate,699,0.06835458714403675
death_rate,700,-0.035063261611240404
death_rate,701,0.028600681416375284
death_rate,702,-0.09284237218874763
death_rate,703,0.011819368530343821
death_rate,704,-0.07927135208611025
death_rate,705,-0.0723229062930979
death_rate,706,-0.08241680785142064
death_rate,707,-0.06752733531169197
death_rate,708,-0.10386713614103626
death_rate,709,0.007700489847463299
death_rate,710,0.03705936211057942
death_rate,711,-0.05020633614752934
death_rate,712,-0.12915269483501013
death_rate,713,-0.08696434344340953
death_rate,714,-0.07340016150592144
death_rate,715,-0.0569467335122808
death_rate,716,-0.037264041106669255
death_rate,717,-0.002346055922876733
death_rate,718,-0.022593629102593993
death_rate,719,0.04171736556879435
death_rate,720,0.030233337991795062
death_rate,721,-0.07579983820863773
death_rate,722,-0.061924046238968466
death_rate,723,-0.009185713159283238
death_rate,724,-0.02761695777551365
death_rate,725,-0.0762829780264963
death_rate,726,-0.05339501945243294
death_rate,727,-0.06614167773322144
death_rate,728,-0.04557938697925934
death_rate,729,0.010134260887454838
death_rate,730,-0.031585112913291025
death_rate,731,0.11971058705201815
death_rate,732,0.040406621711185364
death_rate,733,-0.029790705901529768
death_rate,734,-0.008157245999097729
death_rate,735,-0.09380477304046753
death_rate,736,-0.04361664867707071
death_rate,737,-0.031824203360775405
death_rate,738,-0.018266404187944757
death_rate,739,-0.0002375124976780052
death_rate,740,-0.11008043782711702
death_rate,741,0.010323700721483697
death_rate,742,-0.03130297775759161
death_rate,743,-0.03278029659392789
death_rate,744,0.025883263519451583
death_rate,745,-0.030618139779590714
death_rate,746,-0.0016883667937739322
death_rate,747,-0.04293593233580453
death_rate,748,-0.025252719452696137
death_rate,749,-0.023945069356974158
death_rate,750,0.05278119518837948
death_rate,751,-0.01719910760533805
death_rate,752,-0.09891046030790229
death_rate,753,-0.02979918347910404
death_rate,754,-0.05983081352343478
death_rate,755,-0.05750368240316095
death_rate,756,-0.031034669202555487
death_rate,757,-0.06871488591085143
death_rate,758,-0.01617063679695696
death_rate,759,-0.012461035616673832
death_rate,760,-0.0786991006711878
death_rate,761,-0.037118967061533836
death_rate,762,0.0016255494104813473
death_rate,763,-0.09540870187300676
death_rate,764,-0.0715586216164582
death_rate,765,-0.06122254220333345
death_rate,766,-0.09805626493005093
death_rate,767,-0.00961768289267717
death_rate,768,-0.026940073822977695
death_rate,769,-0.058300790749940656
death_rate,770,-0.08559402298950824
death_rate,771,-0.05798375287751867
death_rate,772,-0.09467727782290947
death_rate,773,-0.07729928682228948
death_rate,774,-0.02012387170138663
death_rate,775,-0.0407089299133061
death_rate,776,-0.01276636905109374
death_rate,777,-0.040087264480623885
death_rate,778,0.01623679912980447
death_rate,779,-0.02826360096262792
death_rate,780,-0.07943328447772349
death_rate,781,-0.02117692494675366
death_rate,782,-0.0573893188823032
death_rate,783,-0.05766588435704384
death_rate,784,-0.015692565565726235
death_rate,785,-0.03725767392741286
death_rate,786,-0.006753954734951995
death_rate,787,-0.024916619544603308
death_rate,788,-0.018537701329220835
death_rate,789,-0.050213796981065095
death_rate,790,-0.07759706982265924
death_rate,791,-0.036494071266042094
death_rate,792,-0.05073948947486072
death_rate,793,-0.06863086639229835
death_rate,794,-0.01705448539142751
death_rate,795,-0.11495254740159193
death_rate,796,-0.0400606593115902
death_rate,797,-0.13232343875932756
death_rate,798,-0.09150288893756792
death_rate,799,-0.10673531038302753
death_rate,800,-0.07078921528887006
death_rate,801,-0.12481431756834957
death_rate,802,-0.021252169332665494
death_rate,803,-0.08267641650827218
death_rate,804,-0.06847529756132711
death_rate,805,-0.05526999009673228
death_rate,806,-0.010977016251431437
death_rate,807,-0.03425128241923886
death_rate,808,-0.0637481193286556
death_rate,809,-0.07528963937398209
death_rate,810,-0.11256985208366327
death_rate,811,0.01518862444366087
death_rate,812,-0.01377998712507994
death_rate,813,0.0032620440665699357
death_rate,814,-0.08280203966958938
death_rate,815,-0.020917798242653052
death_rate,816,-0.02467225229752601
death_rate,817,-0.04954287792809087
death_rate,818,-0.02364282036515364
death_rate,819,-0.057988070254945484
death_rate,820,-0.022004466577886017
death_rate,821,-0.10225743891790667
death_rate,822,-0.033954689657242576
death_rate,823,-0.07930719895117622
death_rate,824,-0.07064672195748645
death_rate,825,-0.08703308380255503
death_rate,826,-0.04515555094825574
death_rate,827,-0.09063651194536038
death_rate,828,-0.07019552261141516
death_rate,829,-0.05311505818869852
death_rate,830,-0.11782614896934718
death_rate,831,-0.05814533470210015
death_rate,832,-0.02233158941219271
death_rate,833,-0.034547789820295605
death_rate,834,-0.011705621558517842
death_rate,835,-0.016241119051144004
death_rate,836,-0.013702279218994029
death_rate,837,-0.062044233363574675
death_rate,838,-0.05729718975574172
death_rate,839,0.028112714922431392
death_rate,840,-0.013605745136235914
death_rate,841,-0.038729435645094956
death_rate,842,-0.05078056270193532
death_rate,843,-0.08425777800254156
death_rate,844,-0.03184088463178547
death_rate,845,-0.07381533841752919
death_rate,846,-0.08473286134416205
death_rate,847,0.0021297003662743563
death_rate,848,-0.027274675253605718
death_rate,849,-0.006449345674838958
death_rate,850,-0.024766798005250723
death_rate,851,0.01361216387766695
death_rate,852,-0.11121039354709711
death_rate,853,-0.031037783896431637
death_rate,854,-0.07387522713087291
death_rate,855,-0.04285798951425368
death_rate,856,-0.050490308231316616
death_rate,857,0.003735633024855467
death_rate,858,-0.03103075288189327
death_rate,859,-0.04724728820249682
death_rate,860,-0.027232669675609
death_rate,861,-0.10068322375744088
death_rate,862,0.014879151331548046
death_rate,863,0.0025481424696224275
death_rate,864,0.014728906315311319
death_rate,865,-0.07356631871776703
death_rate,866,-0.07902401517976931
death_rate,867,-0.007940713844080793
death_rate,868,-0.09601238909309961
death_rate,869,-0.06894890743247284
death_rate,870,-0.07496519982295491
death_rate,871,-0.07598427375575101
death_rate,872,-0.023975800472817665
death_rate,873,-0.02552914807067097
death_rate,874,-0.0272409427952659
death_rate,875,-0.03826077046842147
death_rate,876,-0.055574917735051965
death_rate,877,0.0018251254366936642
death_rate,878,-0.09926888901873754
death_rate,879,-0.07272382996834204
death_rate,880,-0.042336276109813165
death_rate,881,-0.05699491095589637
death_rate,882,-0.027235114946311034
death_rate,883,-0.07752822488222433
death_rate,884,-0.00047430051150922775
death_rate,885,0.002616674855976442
death_rate,886,-0.03428736773680319
death_rate,887,0.003515557446460038
death_rate,888,0.008381091775048172
death_rate,889,-0.044705945578742856
death_rate,890,-0.1152446093763193
death_rate,891,0.01504134012149605
death_rate,892,0.012602220422097687
death_rate,893,-0.060537184600854776
death_rate,894,0.013404613532553289
death_rate,895,-0.11819615641006655
death_rate,896,-0.056625908827155014
death_rate,897,-0.09013099738575137
death_rate,898,-0.07468353107045977
death_rate,899,-0.028734105643796082
death_rate,900,-0.07366579413051944
death_rate,901,-0.022244256203552526
death_rate,902,0.04310483023199263
death_rate,903,-0.010607923323823529
death_rate,904,-0.09012765349245078
death_rate,905,-0.05252071847272288
death_rate,906,-0.13495719155166497
death_rate,907,-0.002864578234041848
death_rate,908,-0.0987603071605267
death_rate,909,-0.0697268774098227
death_rate,910,-0.11718025698156409
death_rate,911,0.09490493155689816
death_rate,912,-0.07148807611753324
death_rate,913,0.020223248195688992
death_rate,914,-0.010413318559749973
death_rate,915,0.028771768005173337
death_rate,916,-0.021861477034255644
death_rate,917,-0.03972709022737167
death_rate,918,-0.10515612210095732
death_rate,919,-0.03194407024027268
death_rate,920,-0.0442153398964773
death_rate,921,-0.0006589598099397964
death_rate,922,-0.0803126605024699
death_rate,923,-0.04253182107970935
death_rate,924,0.005746166462333724
death_rate,925,-0.09351956626603919
death_rate,926,-0.10012223638673029
death_rate,927,-0.10401196863267886
death_rate,928,-0.0949522681842368
death_rate,929,-0.07484910079561946
death_rate,930,-0.05416583942269726
death_rate,931,-0.09148132566820993
death_rate,932,0.014628720360694958
death_rate,933,-0.038928680859869114
death_rate,934,-0.12675211658718677
death_rate,935,-0.02013751284338268
death_rate,936,-0.06472777696619092
death_rate,937,-0.062112022958095425
death_rate,938,-0.02877184920076381
death_rate,939,0.049024182357497725
death_rate,940,-0.041839164607532786
death_rate,941,-0.052039397135566184
death_rate,942,0.00146666665637505
death_rate,943,0.05859253920538085
death_rate,944,0.003933459975403952
death_rate,945,-0.03731013150566331
death_rate,946,-0.016625025970293417
death_rate,947,-0.17220487853712452
death_rate,948,-0.010608942189958115
death_rate,949,-0.032993966745836656
death_rate,950,-0.09464347989541144
death_rate,951,-0.03645067343716013
death_rate,952,-0.10999144628605195
death_rate,953,-0.0592659612060526
death_rate,954,-0.04110855164371319
death_rate,955,-0.01799679449848285
death_rate,956,-0.022783448844881482
death_rate,957,-0.03206686497695721
death_rate,958,-0.04951775048299073
death_rate,959,-0.07114445366785899
death_rate,960,-0.001639561165148018
death_rate,961,-0.015982623005355245
death_rate,962,-0.053021312252107045
death_rate,963,-0.07179534743661348
death_rate,964,-0.0044558936944373295
death_rate,965,-0.053807049239500915
death_rate,966,-0.008259202189935588
death_rate,967,-0.06909277582426299
death_rate,968,-0.08067397314248523
death_rate,969,-0.043479212094803266
death_rate,970,-0.09511707917520157
death_rate,971,0.05944796200662378
death_rate,972,-0.02896021250804781
death_rate,973,0.0006558417950874307
death_rate,974,-0.06866510317310098
death_rate,975,-0.03511089660656519
death_rate,976,-0.031229514916101486
death_rate,977,-0.018639709667088278
death_rate,978,-0.008033671716911384
death_rate,979,0.02887032341451712
death_rate,980,-0.020634537974094203
death_rate,981,-0.07103142400018392
death_rate,982,0.04736902652273467
death_rate,983,-0.0673597518237021
death_rate,984,-0.00931183565314539
death_rate,985,-0.13694739028713282
death_rate,986,-0.10881048103583885
death_rate,987,0.036792523232569985
death_rate,988,-0.10637139802251225
death_rate,989,-0.06642945643672449
death_rate,990,-0.015585153447215228
death_rate,991,-0.04134716964230836
death_rate,992,-0.008540454120136279
death_rate,993,-0.050952488197887
death_rate,994,-0.07255231363194026
death_rate,995,-0.0906261737662225
death_rate,996,-0.05669360422140929
death_rate,997,-0.056810522147776876
death_rate,998,0.0038625165062253775
death_rate,999,-0.09958447143443125
death_rate,1000,-0.07598408106576593
death_rate,1001,0.03780932469229037
death_rate,1002,-0.08793833520522232
death_rate,1003,-0.03725979807616821
death_rate,1004,-0.03851017052139982
death_rate,1005,-0.08960072450452572
death_rate,1006,-0.022151213191033692
death_rate,1007,0.048045284408159195
death_rate,1008,-0.05646240045394302
death_rate,1009,-0.11781123947916505
death_rate,1010,-0.0634212602610782
death_rate,1011,-0.03448506684947056
death_rate,1012,-0.01625335701249242
death_rate,1013,-0.08607992225075084
death_rate,1014,-0.09384508906715075
death_rate,1015,-0.007017702426418165
death_rate,1016,-0.03366158699610078
death_rate,1017,-0.07366790932766337
death_rate,1018,-0.03944474391685099
death_rate,1019,-0.034733237609255285
death_rate,1020,0.04228840232285436
death_rate,1021,0.025914739802461284
death_rate,1022,-0.010533589544249072
death_rate,1023,-0.06914235483418257
death_rate,1024,-0.07512934964523854
death_rate,1025,-0.05641987811511484
death_rate,1026,-0.02993430900668964
death_rate,1027,-0.021909242885331137
death_rate,1028,-0.04006811029589635
death_rate,1029,-0.019814799212353074
death_rate,1030,-0.1359955961869721
death_rate,1031,-0.08344110451262671
death_rate,1032,-0.12475122437807895
death_rate,1033,-0.05722969564115554
death_rate,1034,-0.07817210472797331
death_rate,1035,-0.09017830359446777
death_rate,1036,-0.0564651674897112
death_rate,1037,-0.04859152270803091
death_rate,1038,-0.022201605702374907
death_rate,1039,-0.004828897169636082
death_rate,1040,-0.030133306120797565
death_rate,1041,-0.04265086005112606
death_rate,1042,-0.053269827025798966
death_rate,1043,-0.036204399351913774
death_rate,1044,-0.04543940572527616
death_rate,1045,-0.08516454905582771
death_rate,1046,-0.05872248564546706
death_rate,1047,-0.05321934462667888
death_rate,1048,-0.04212066011680482
death_rate,1049,-0.07774187221631212
death_rate,1050,-0.014417949821070808
death_rate,1051,0.027057808417340512
death_rate,1052,-0.06171282623142971
death_rate,1053,-0.02314583888993038
death_rate,1054,-0.05082782448518905
death_rate,1055,0.01951571487096526
death_rate,1056,-0.07013846157189493
death_rate,1057,-0.10562436989775792
death_rate,1058,-0.010051309861394464
death_rate,1059,-0.09247344260620505
death_rate,1060,-0.007387639323205075
death_rate,1061,0.03959258355009937
death_rate,1062,0.024542100619906027
death_rate,1063,-0.05877741675667225
death_rate,1064,-0.0460842164665054
death_rate,1065,-0.03407566923317629
death_rate,1066,-0.05179460920517315
death_rate,1067,-0.029164758312731465
death_rate,1068,0.0075267697232046515
death_rate,1069,-0.09094275960754583
death_rate,1070,-0.1293722507608781
death_rate,1071,0.00771311999996438
death_rate,1072,-0.06183681190321799
death_rate,1073,0.07045787819014565
death_rate,1074,0.015382889109699482
death_rate,1075,-0.03889183199362645
death_rate,1076,-0.025955114265857504
death_rate,1077,-0.04035741270110271
death_rate,1078,0.03082005400329413
death_rate,1079,-0.12108999243969665
death_rate,1080,-0.04359169565064924
death_rate,1081,-0.07189267513522823
death_rate,1082,-0.006377974944047599
death_rate,1083,0.03796295793465798
death_rate,1084,0.017903522893960133
death_rate,1085,-0.10275054774631143
death_rate,1086,0.026568362473260554
death_rate,1087,-0.019585820071398363
death_rate,1088,-0.01258311585238292
death_rate,1089,-0.06348449645879028
death_rate,1090,-0.055945475977489556
death_rate,1091,-0.01798946155058967
death_rate,1092,0.03219478664337139
death_rate,1093,-0.005032921673905413
death_rate,1094,-0.03204996242434324
death_rate,1095,-0.03635684481216839
death_rate,1096,-0.008168922635026332
death_rate,1097,0.014149154934252062
death_rate,1098,-0.11900604585492597
death_rate,1099,-0.09530345180136796
death_rate,1100,-0.008549061640881428
death_rate,1101,0.00848425200154046
death_rate,1102,-0.0680652634502332
death_rate,1103,-0.09702851014588332
death_rate,1104,-0.033864391964364304
death_rate,1105,-0.0569776308955503
death_rate,1106,-0.05099397536033018
death_rate,1107,-0.02564830372314278
death_rate,1108,-0.017139986090133397
death_rate,1109,-0.06693115723280366
death_rate,1110,-0.015164497427009982
death_rate,1111,-0.09783858686686225
death_rate,1112,0.029481859642879193
death_rate,1113,-0.13190573618006007
death_rate,1114,-0.05701447936072512
death_rate,1115,-0.03915634441052307
death_rate,1116,0.029648834471623586
death_rate,1117,0.059479319078198034
death_rate,1118,-0.06511612286453317
death_rate,1119,-0.026914605437368455
death_rate,1120,-0.014351329678540914
death_rate,1121,-0.01977921844392161
death_rate,1122,-0.06265567010191708
death_rate,1123,0.05019289694135515
death_rate,1124,-0.10813107873793548
death_rate,1125,-0.011897110614594142
death_rate,1126,-0.08319828531832851
death_rate,1127,-0.07331061163509461
death_rate,1128,-0.054196496383777326
death_rate,1129,0.023924615364246282
death_rate,1130,-0.045716364379956964
death_rate,1131,-0.015501984004031522
death_rate,1132,0.03511040491625306
death_rate,1133,-0.10625782250495341
death_rate,1134,-0.04435105943260881
death_rate,1135,-0.056465919661720765
death_rate,1136,-0.06504063284239359
death_rate,1137,-0.037555170551179184
death_rate,1138,-0.044887373988390544
death_rate,1139,-0.04782313073588046
death_rate,1140,-0.08402540117024582
death_rate,1141,-0.09317493830267476
death_rate,1142,-0.02786324613780744
death_rate,1143,-0.006626714988625548
death_rate,1144,-0.04450927726803244
death_rate,1145,-0.011239488569732337
death_rate,1146,-0.020273215760603147
death_rate,1147,-0.04115714946054638
death_rate,1148,-0.007208379914265151
death_rate,1149,-0.056166283128293526
death_rate,1150,-0.03719368697642533
death_rate,1151,-0.06912138323488112
death_rate,1152,-0.04771020853152741
death_rate,1153,-0.0392530925382828
death_rate,1154,-0.05123848049259361
death_rate,1155,-0.07094227216487003
death_rate,1156,-0.06697162658440503
death_rate,1157,-0.005941179675330144
death_rate,1158,-0.10450637708324384
death_rate,1159,0.023017507948372762
death_rate,1160,-0.1154513371595014
death_rate,1161,-0.08671211043820704
death_rate,1162,-0.004630867466601213
death_rate,1163,-0.09362139426761551
death_rate,1164,-0.08859887034399433
death_rate,1165,-0.06895769838057075
death_rate,1166,0.0003795556985405346
death_rate,1167,-0.07963483250284989
death_rate,1168,-0.057580586829033054
death_rate,1169,0.03183319149818348
death_rate,1170,-0.09772060508224567
death_rate,1171,-0.06796822040068112
death_rate,1172,-0.045019864777624874
death_rate,1173,-0.023732241460738546
death_rate,1174,-0.05202380122644623
death_rate,1175,-0.08108746564433267
death_rate,1176,0.025605815755464945
death_rate,1177,-0.029203553089579087
death_rate,1178,-0.08141870128984574
death_rate,1179,-0.0669654958524909
death_rate,1180,-0.1286216732088673
death_rate,1181,0.012941684014719679
death_rate,1182,-0.02453728291901547
death_rate,1183,-0.018659076274101016
death_rate,1184,-0.0679665640320688
death_rate,1185,-0.06197716327595437
death_rate,1186,-0.0328737993267616
death_rate,1187,-0.021970520951415606
death_rate,1188,-0.1318453979083043
death_rate,1189,-0.05753974006335205
death_rate,1190,-0.09646166878894946
death_rate,1191,0.010888150730798185
death_rate,1192,-0.07604503880290003
death_rate,1193,-0.053629437787946876
death_rate,1194,-0.08730028400337786
death_rate,1195,-0.04672743329322876
death_rate,1196,-0.049347726192636165
death_rate,1197,-0.08913041971453761
death_rate,1198,-0.10959896813403794
death_rate,1199,-0.05486284593828611
death_rate,1200,0.03664256710297842
death_rate,1201,-0.06870337907702528
death_rate,1202,-0.00873284845973618
death_rate,1203,-0.01891315881212008
death_rate,1204,-0.09105166764731576
death_rate,1205,-0.014919338745744248
death_rate,1206,-0.06160486762849188
death_rate,1207,0.012950475928353855
death_rate,1208,-0.08058398013933821
death_rate,1209,-0.046444872736507214
death_rate,1210,0.04524100669951048
death_rate,1211,-0.04269643336993911
death_rate,1212,-0.06478686577881275
death_rate,1213,-0.05918660940501401
death_rate,1214,-0.06346168255075857
death_rate,1215,-0.037868981795808665
death_rate,1216,-0.006155637555555815
death_rate,1217,0.004844094714963221
death_rate,1218,-0.06036586629335222
death_rate,1219,-0.0116309525230886
death_rate,1220,-0.09810395679226575
death_rate,1221,-0.06396684404119674
death_rate,1222,-0.011543441807924215
death_rate,1223,-0.01289867073326112
death_rate,1224,-0.03547275032214203
death_rate,1225,-0.04102010852249538
death_rate,1226,-0.01950702648878666
death_rate,1227,-0.1137472693241613
death_rate,1228,-0.06668573164317104
death_rate,1229,-0.06439043522954047
death_rate,1230,-0.07498085733183868
death_rate,1231,-0.025323256600470967
death_rate,1232,-0.054018322697830135
death_rate,1233,-0.10996964828530698
death_rate,1234,0.011458817162381396
death_rate,1235,-0.020261650454495433
death_rate,1236,0.03246550722155339
death_rate,1237,-0.0024569308747863783
death_rate,1238,-0.05563058356785022
death_rate,1239,-0.11000200258188386
death_rate,1240,-0.028469130490367034
death_rate,1241,-0.01988531198972429
death_rate,1242,-0.02692530953507588
death_rate,1243,-0.005174613039810261
death_rate,1244,-0.12861531132174897
death_rate,1245,0.007452278318634875
death_rate,1246,-0.056655010225044655
death_rate,1247,-0.08318830476860684
death_rate,1248,0.011863060761636679
death_rate,1249,-0.01940781962337934
death_rate,1250,-0.02853987859027951
death_rate,1251,-0.10406895433442437
death_rate,1252,-0.09646016435371974
death_rate,1253,-0.02371596745273924
death_rate,1254,-0.025109761563769428
death_rate,1255,-0.07210054064951288
death_rate,1256,-0.03448559696408032
death_rate,1257,-0.04797155625627736
death_rate,1258,-0.010583713957825647
death_rate,1259,-0.08383699156686283
death_rate,1260,-0.05966620925533217
death_rate,1261,-0.04441890133876836
death_rate,1262,-0.10035477932429293
death_rate,1263,-0.09589180082949311
death_rate,1264,-0.041982522804475036
death_rate,1265,0.03581747262796542
death_rate,1266,-0.029503089891109703
death_rate,1267,-0.07536682478323509
death_rate,1268,-0.030586639470469412
death_rate,1269,-0.04277712847857362
death_rate,1270,-0.012696018387040597
death_rate,1271,-0.08358392817289927
death_rate,1272,0.0718292153274771
death_rate,1273,0.021134347796617492
death_rate,1274,-0.02498666981897718
death_rate,1275,-0.10891419496595933
death_rate,1276,-0.07904281499587817
death_rate,1277,0.03106888565252519
death_rate,1278,-0.041387342130076
death_rate,1279,-0.03859761187984073
death_rate,1280,0.031810797232376564
death_rate,1281,-0.07860457378280766
death_rate,1282,0.00453714547814521
death_rate,1283,-0.09582684742487468
death_rate,1284,-0.05459597881799614
death_rate,1285,-0.08787788018497122
death_rate,1286,-0.06222777367603782
death_rate,1287,-0.05816950973492768
death_rate,1288,-0.12403688247814526
death_rate,1289,-0.14957821076991962
death_rate,1290,0.024068261415325976
death_rate,1291,-0.06476567167794994
death_rate,1292,-0.11128303502218248
death_rate,1293,-0.0781183357712574
death_rate,1294,-0.12213672575451773
death_rate,1295,-0.03429297770871448
death_rate,1296,0.016704112268140447
death_rate,1297,-0.02940240637844116
death_rate,1298,0.03587567979240339
death_rate,1299,-0.005413996403867305
death_rate,1300,-0.08012824435569288
death_rate,1301,-0.022361456160988336
death_rate,1302,0.0037697028587100334
death_rate,1303,-0.03907261002364104
death_rate,1304,-0.08915171010649993
death_rate,1305,-0.014965967764749954
death_rate,1306,-0.013837819191154399
death_rate,1307,-0.10721416268785644
death_rate,1308,-0.10622986564600523
death_rate,1309,-0.045648888411267824
death_rate,1310,-0.05019509205323469
death_rate,1311,-0.06486384284401447
death_rate,1312,-0.09458324588597267
death_rate,1313,-0.046404112050791646
death_rate,1314,-0.04593390381711826
death_rate,1315,0.03808063945667639
death_rate,1316,-0.007630044664913252
death_rate,1317,-0.046574898455211455
death_rate,1318,0.03564985346900268
death_rate,1319,0.020042372978960832
death_rate,1320,-0.016532281953732908
death_rate,1321,-0.03644579220968941
death_rate,1322,-0.044227213464082954
death_rate,1323,-0.07497390177145047
death_rate,1324,-0.056396959126334134
death_rate,1325,-0.07594519816129353
death_rate,1326,-0.07746238144251749
death_rate,1327,-0.039695038984000286
death_rate,1328,-0.0986368371593078
death_rate,1329,-0.07652677427030763
death_rate,1330,-0.024126827294536746
death_rate,1331,-0.03231339571508618
death_rate,1332,-0.12407759445261957
death_rate,1333,-0.04548172043731491
death_rate,1334,-0.011077757873626637
death_rate,1335,-0.0244022592000627
death_rate,1336,-0.05145784003011
death_rate,1337,-0.005408179774745225
death_rate,1338,-0.08395123599971288
death_rate,1339,-0.044994283730223184
death_rate,1340,-0.006548124267069966
death_rate,1341,-0.029953357967601568
death_rate,1342,0.007000854088070607
death_rate,1343,-0.05110094535598042
death_rate,1344,-0.09965225609225198
death_rate,1345,-0.030662107310956976
death_rate,1346,-0.06839417603364104
death_rate,1347,0.02021094865007078
death_rate,1348,0.004075855957202945
death_rate,1349,-0.0885977789078477
death_rate,1350,-0.04978778014840424
death_rate,1351,-0.007955511448854119
death_rate,1352,-0.04956650363852266
death_rate,1353,-0.04475645201487588
death_rate,1354,-0.1477794042912185
death_rate,1355,-0.03957643039992098
death_rate,1356,-0.028312340538722336
death_rate,1357,-0.06388451689465793
death_rate,1358,0.04759218706108792
death_rate,1359,-0.08840386578511084
death_rate,1360,-0.01804621794227801
death_rate,1361,-0.006949595354617921
death_rate,1362,-0.030939235701044288
death_rate,1363,-0.02134567891526362
death_rate,1364,-0.04907098399992371
death_rate,1365,0.07495531082778373
death_rate,1366,-0.09412384949075292
death_rate,1367,-0.057315565323283246
death_rate,1368,0.035161702856489785
death_rate,1369,-0.02768848370843613
death_rate,1370,-0.053794512776174086
death_rate,1371,-0.02681098487372857
death_rate,1372,-0.08646659446833094
death_rate,1373,-0.006288341308384626
death_rate,1374,-0.016592145861193952
death_rate,1375,-0.03817404088369725
death_rate,1376,-0.002106226180346421
death_rate,1377,0.03794165438463748
death_rate,1378,-0.11533599518511584
death_rate,1379,0.0056674698523176414
death_rate,1380,-0.008513190867342812
death_rate,1381,-0.08943367258095908
death_rate,1382,-0.027931450132065327
death_rate,1383,-0.031820453559651574
death_rate,1384,-0.004062742635438155
death_rate,1385,-0.06286299144005614
death_rate,1386,-0.004679932380210472
death_rate,1387,-0.011816514835119585
death_rate,1388,-0.04721740313782674
death_rate,1389,0.014270277324274439
death_rate,1390,-0.017758399585888762
death_rate,1391,-0.08294315801805593
death_rate,1392,-0.09596003603851982
death_rate,1393,-0.054339307079009774
death_rate,1394,-0.0541659844707445
death_rate,1395,-0.08829541438745397
death_rate,1396,0.02741291469421636
death_rate,1397,-0.0714191990693569
death_rate,1398,-0.02176248626623961
death_rate,1399,-0.04734479075691933
death_rate,1400,-0.04953905240160661
death_rate,1401,-0.009451268432029147
death_rate,1402,-0.08863662075293643
death_rate,1403,0.06476608716885246
death_rate,1404,-0.12691146846729917
death_rate,1405,-0.0022661533441835635
death_rate,1406,-0.02665946472028624
death_rate,1407,-0.018540990354134257
death_rate,1408,-0.06567296924618427
death_rate,1409,-0.041919115734618345
death_rate,1410,-0.05518821354983766
death_rate,1411,-0.042985615926313725
death_rate,1412,-0.07254960367421631
death_rate,1413,-0.06992115011652644
death_rate,1414,-0.01390474063890601
death_rate,1415,0.0041974892386957285
death_rate,1416,-0.10201432081969175
death_rate,1417,-0.04431950598399803
death_rate,1418,0.024998137407760135
death_rate,1419,-0.01895861321302192
death_rate,1420,-0.09778096463635311
death_rate,1421,-0.0853908772259262
death_rate,1422,-0.04150837358568743
death_rate,1423,-0.07203613945499665
death_rate,1424,-0.033810616167425867
death_rate,1425,-0.027373011178525086
death_rate,1426,-0.10966007241475989
death_rate,1427,-0.0012207507157924735
death_rate,1428,-0.09359648498283996
death_rate,1429,-0.05464603763206194
death_rate,1430,-0.002486707290025314
death_rate,1431,-0.0005283191377364327
death_rate,1432,-0.043315775766736064
death_rate,1433,-0.015184945204389289
death_rate,1434,-0.013181385405484192
death_rate,1435,0.015289338860209889
death_rate,1436,-0.048712919605345795
death_rate,1437,-0.039106351383540905
death_rate,1438,-0.04574998260470703
death_rate,1439,0.006817115380040817
death_rate,1440,0.0009742080520612206
death_rate,1441,-0.06496691108342312
death_rate,1442,-0.051640447455514105
death_rate,1443,-0.07156295561450243
death_rate,1444,-0.02060770088167052
death_rate,1445,0.02210825525865412
death_rate,1446,-0.03244484729928425
death_rate,1447,-0.017078817788862777
death_rate,1448,-0.08225593298229539
death_rate,1449,-0.05630916549683762
death_rate,1450,-0.04380073447784372
death_rate,1451,-0.05584331028181677
death_rate,1452,-0.012634441392809559
death_rate,1453,-0.0354934131161222
death_rate,1454,-0.04216259734892669
death_rate,1455,-0.03534207977205306
death_rate,1456,-0.0228543966898187
death_rate,1457,-0.017587913271806754
death_rate,1458,-0.10540012211060108
death_rate,1459,-0.036066057037744514
death_rate,1460,-0.057591353378761534
death_rate,1461,-0.041101094833998986
death_rate,1462,-0.16436891245243188
death_rate,1463,-0.04578405923639495
death_rate,1464,-0.026101289971947772
death_rate,1465,-0.14155475614061636
death_rate,1466,-0.011531662712104707
death_rate,1467,-0.11330851664559283
death_rate,1468,-0.054698686641656835
death_rate,1469,-0.053140659721094385
death_rate,1470,-0.10563871629329546
death_rate,1471,-0.06876514718810367
death_rate,1472,0.04247141198275217
death_rate,1473,-0.10554367201376558
death_rate,1474,-0.04405472164800839
death_rate,1475,-0.08103166190071565
death_rate,1476,-0.12864476425615923
death_rate,1477,-0.07585418354472906
death_rate,1478,-0.04710635168648236
death_rate,1479,-0.05555495737661653
death_rate,1480,0.02521473201602953
death_rate,1481,-0.08399798198832986
death_rate,1482,0.03580179748138407
death_rate,1483,-0.03619182648951058
death_rate,1484,-0.005427905889381079
death_rate,1485,-0.06529970274636465
death_rate,1486,-0.03842816312535109
death_rate,1487,-0.06820579502015778
death_rate,1488,-0.056070959140192556
death_rate,1489,0.008413818829715314
death_rate,1490,-0.047430242768899816
death_rate,1491,-0.13034507486463243
death_rate,1492,-0.06585921290883434
death_rate,1493,-0.0889143227990048
death_rate,1494,-0.03682548710840172
death_rate,1495,-0.09060228603150433
death_rate,1496,-0.05580763311647913
death_rate,1497,-0.035462100670087204
death_rate,1498,0.017801545318907985
death_rate,1499,-0.0513108995029012
death_rate,1500,-0.01989823268121832
death_rate,1501,-0.025624273879743198
death_rate,1502,-0.024282459481420937
death_rate,1503,-0.05989542862942854
death_rate,1504,-0.10420099334664124
death_rate,1505,-0.07333463662740947
death_rate,1506,-0.04831181256834993
death_rate,1507,-0.04118009512616428
death_rate,1508,-0.03571177272219517
death_rate,1509,-0.05896899970803304
death_rate,1510,0.011964841262295522
death_rate,1511,-0.08996209150061074
death_rate,1512,-0.13515311401434138
death_rate,1513,-0.05566886589093356
death_rate,1514,-0.020570772981823582
death_rate,1515,-0.14573389025173628
death_rate,1516,-0.03812041844441827
death_rate,1517,0.03830586857830586
death_rate,1518,-0.03258928084508189
death_rate,1519,0.02644747253511659
death_rate,1520,-0.04147755353935689
death_rate,1521,-0.04999795773117599
death_rate,1522,-0.012273663147474245
death_rate,1523,-0.06029136262890748
death_rate,1524,-0.020679920233079407
death_rate,1525,-0.008808038281693437
death_rate,1526,-0.0017457486619849583
death_rate,1527,0.040061922715543305
death_rate,1528,-0.012859207396251238
death_rate,1529,-0.037748912940331336
death_rate,1530,-0.14239070695985212
death_rate,1531,-0.018407106652078342
death_rate,1532,-0.034672455282529824
death_rate,1533,-0.0130880906854621
death_rate,1534,-0.07389569423915665
death_rate,1535,-0.08601654385408364
death_rate,1536,-0.008545243631644217
death_rate,1537,-0.11134768222230318
death_rate,1538,-0.04434425691106758
death_rate,1539,-0.0488393769058153
death_rate,1540,0.011864182613853441
death_rate,1541,-0.02759815166760282
death_rate,1542,-0.06080434074861585
death_rate,1543,-0.02848987153288325
death_rate,1544,-0.09865831165697947
death_rate,1545,-0.002454508645377884
death_rate,1546,-0.04174834895533541
death_rate,1547,-0.08426900434720719
death_rate,1548,-0.09270042692853978
death_rate,1549,-0.007429904299510293
death_rate,1550,-0.05689846662715217
death_rate,1551,-0.02259594106397972
death_rate,1552,-0.09317018223287177
death_rate,1553,-0.12591270451232622
death_rate,1554,-0.0438962749316536
death_rate,1555,-0.08768975205054019
death_rate,1556,-0.03377482294209355
death_rate,1557,-0.025189918011392476
death_rate,1558,-0.029749774168146725
death_rate,1559,0.027688735271354847
death_rate,1560,-0.08966224531087946
death_rate,1561,-0.06412350745342349
death_rate,1562,-0.019795498507063247
death_rate,1563,-0.13470651534061295
death_rate,1564,-0.012597166621763967
death_rate,1565,-0.11758175360053391
death_rate,1566,-0.01921812742715516
death_rate,1567,0.0009999563514480336
death_rate,1568,-0.15141967760340308
death_rate,1569,0.011401675717481519
death_rate,1570,-0.08612748901996878
death_rate,1571,-0.046823972411477066
death_rate,1572,-0.0754692260246061
death_rate,1573,-0.0718106331641375
death_rate,1574,-0.01273980633435881
death_rate,1575,-0.07210323278121283
death_rate,1576,-0.016756604948164
death_rate,1577,-0.13229293472066606
death_rate,1578,0.05001421373840298
death_rate,1579,0.01869352032612598
death_rate,1580,-0.041324207417490766
death_rate,1581,-0.12332781964853534
death_rate,1582,-0.03602563886108778
death_rate,1583,-0.022658449340527187
death_rate,1584,-0.04400569243165853
death_rate,1585,0.006013524690638983
death_rate,1586,-0.055517498920802294
death_rate,1587,-0.11625542122582977
death_rate,1588,-0.0563765036347717
death_rate,1589,-0.08042461039241905
death_rate,1590,-0.05339668203728645
death_rate,1591,-0.07928281135484383
death_rate,1592,-0.12357816443312852
death_rate,1593,-0.008472321393225624
death_rate,1594,-0.031107902717337405
death_rate,1595,-0.040741831522798644
death_rate,1596,-0.03502899380035979
death_rate,1597,-0.09556900782878441
death_rate,1598,-0.11528529323002862
death_rate,1599,0.036628131196692504
death_rate,1600,-0.03111372264068596
death_rate,1601,-0.057881503211789254
death_rate,1602,0.005849646098455619
death_rate,1603,-0.011647031694803384
death_rate,1604,-0.039063596160572756
death_rate,1605,-0.08294860296690132
death_rate,1606,-0.025055096882102057
death_rate,1607,-0.024932522107483868
death_rate,1608,-0.02111892682940497
death_rate,1609,-0.05271293194104093
death_rate,1610,0.014065109312662138
death_rate,1611,0.020528254754434316
death_rate,1612,-0.07878515988911886
death_rate,1613,-0.023874417638173995
death_rate,1614,0.0022857658148571214
death_rate,1615,-0.0015153677417732991
death_rate,1616,-0.03931101858501429
death_rate,1617,0.021488800964164
death_rate,1618,-0.03852253666529637
death_rate,1619,-0.13999737641242455
death_rate,1620,0.04441771225248636
death_rate,1621,-0.015366138563624093
death_rate,1622,-0.05723464556182234
death_rate,1623,-0.004012162415067966
death_rate,1624,-0.056786459909305934
death_rate,1625,-0.022601656823752148
death_rate,1626,-0.06271098926265362
death_rate,1627,-0.009317488947812924
death_rate,1628,-0.06166092393572431
death_rate,1629,-0.06786753804602619
death_rate,1630,-0.0806061341147053
death_rate,1631,-0.0770996251756284
death_rate,1632,-0.0634406196453543
death_rate,1633,-0.08506599496593509
death_rate,1634,-0.08343053002626388
death_rate,1635,-0.0938291366219792
death_rate,1636,-0.07272485489634628
death_rate,1637,-0.08395976477393796
death_rate,1638,-0.010444774353410458
death_rate,1639,-0.019350931952643313
death_rate,1640,0.01797952948018805
death_rate,1641,-0.043298745213198986
death_rate,1642,-0.10596281081055015
death_rate,1643,-0.035104868655986526
death_rate,1644,-0.11342965701921964
death_rate,1645,-0.0075498291656219685
death_rate,1646,-0.030942613206337177
death_rate,1647,-0.02812460681527773
death_rate,1648,-0.07177566885199727
death_rate,1649,-0.019995324533707226
death_rate,1650,-0.034709556853259715
death_rate,1651,0.05615508081272447
death_rate,1652,-0.026308758778986974
death_rate,1653,-0.0675242747235062
death_rate,1654,-0.05359885567065409
death_rate,1655,-0.0314109410639547
death_rate,1656,-0.10334690871454405
death_rate,1657,-0.035387941573780224
death_rate,1658,-0.00896126785282575
death_rate,1659,-0.016719082955075987
death_rate,1660,-0.06048301500151487
death_rate,1661,-0.030360219289753576
death_rate,1662,-0.07036302392106453
death_rate,1663,-0.027058050680580897
death_rate,1664,-0.024546701309118513
death_rate,1665,-0.006075295027752059
death_rate,1666,-0.04409828848701003
death_rate,1667,-0.053977042960541066
death_rate,1668,-0.05521435830495708
death_rate,1669,0.06129281340693804
death_rate,1670,-0.0477423343446548
death_rate,1671,-0.1056122718416066
death_rate,1672,-0.003997112511172962
death_rate,1673,-0.06775594139850832
death_rate,1674,-0.040497189170657255
death_rate,1675,-0.016402391946872846
death_rate,1676,-0.00038272409985673495
death_rate,1677,-0.1611710333388583
death_rate,1678,-0.00907037971773006
death_rate,1679,0.004023008052602306
death_rate,1680,-0.03285560742470439
death_rate,1681,-0.04125101843896062
death_rate,1682,-0.07643975974798611
death_rate,1683,-0.04255693583732367
death_rate,1684,-0.14217490686372491
death_rate,1685,-0.10265888213485988
death_rate,1686,-0.11695026208230613
death_rate,1687,-0.0637131676935867
death_rate,1688,0.02553737331106365
death_rate,1689,0.002226840007819253
death_rate,1690,-0.05356742375564677
death_rate,1691,-0.10949890724448563
death_rate,1692,0.04140137383796705
death_rate,1693,-0.016052584892864444
death_rate,1694,-0.06047442828582894
death_rate,1695,-0.06667151953501849
death_rate,1696,0.008868046446423472
death_rate,1697,-0.01287527355487339
death_rate,1698,0.013745093106245887
death_rate,1699,-0.04623343229195098
death_rate,1700,0.008147132804866897
death_rate,1701,-0.06883311555613494
death_rate,1702,-0.0586296404867932
death_rate,1703,-0.06768530365700243
death_rate,1704,-0.0928614283330792
death_rate,1705,-0.020916085852151933
death_rate,1706,-0.08619577497950792
death_rate,1707,-0.07335841349213901
death_rate,1708,-0.09443444309063564
death_rate,1709,0.02288243682957558
death_rate,1710,-0.03274681587016803
death_rate,1711,-0.054082289502195846
death_rate,1712,-0.02425687436672913
death_rate,1713,-0.005623872548683795
death_rate,1714,-0.12381431790029553
death_rate,1715,-0.09663780152137602
death_rate,1716,0.0011937627642042425
death_rate,1717,-0.05015002524926304
death_rate,1718,-0.04360365885880402
death_rate,1719,-0.11348043741618502
death_rate,1720,-0.03506951843323958
death_rate,1721,-0.0012292326042628865
death_rate,1722,0.00259436137460739
death_rate,1723,-0.040532322205427684
death_rate,1724,-0.012893741819647697
death_rate,1725,-0.05748901658144251
death_rate,1726,-0.0660595481920424
death_rate,1727,-0.0280881661501875
death_rate,1728,-0.1458094071400038
death_rate,1729,0.013996277896097753
death_rate,1730,-0.06046600415109171
death_rate,1731,-0.06319432857831808
death_rate,1732,0.04548491350332329
death_rate,1733,-0.08691399846361611
death_rate,1734,-0.10298735363732714
death_rate,1735,-0.0714387692335377
death_rate,1736,-0.09968124048994786
death_rate,1737,-0.03559547565392607
death_rate,1738,-0.027297216243550748
death_rate,1739,-0.06048078329648021
death_rate,1740,-0.027027896376478733
death_rate,1741,-0.09419204511168772
death_rate,1742,-0.15439703171162866
death_rate,1743,-0.02092579930460914
death_rate,1744,-0.09160779635999389
death_rate,1745,-0.0009415877203935441
death_rate,1746,-0.05775759371901329
death_rate,1747,0.00142595430972825
death_rate,1748,-0.006210629060623057
death_rate,1749,-0.027399675209980434
death_rate,1750,-0.10271291522173875
death_rate,1751,-0.07531023894893152
death_rate,1752,-0.07725966593892664
death_rate,1753,-0.1325661685122545
death_rate,1754,0.028800931135763874
death_rate,1755,-0.00992985636497945
death_rate,1756,-0.09047705272046092
death_rate,1757,0.03489395476287216
death_rate,1758,0.02797788492335815
death_rate,1759,-0.1322202234283833
death_rate,1760,0.034895605515121164
death_rate,1761,-0.04878400305178976
death_rate,1762,-0.04944894436391001
death_rate,1763,-0.057665371878196536
death_rate,1764,-0.0016850563913136662
death_rate,1765,-0.020939478480023865
death_rate,1766,-0.04263003742209903
death_rate,1767,0.04854454975408817
death_rate,1768,-0.003498941106414799
death_rate,1769,-0.009127999558974004
death_rate,1770,-0.026729331594114725
death_rate,1771,-0.06628647915306479
death_rate,1772,-0.06542249118585838
death_rate,1773,-0.0835602241961455
death_rate,1774,-0.04050890936305929
death_rate,1775,0.02875568295701325
death_rate,1776,-0.1411249446860855
death_rate,1777,-0.09760386259671727
death_rate,1778,-0.04404470387026893
death_rate,1779,-0.11865814632349281
death_rate,1780,0.0016875580866192452
death_rate,1781,-0.031100731158203943
death_rate,1782,-0.04097047255529751
death_rate,1783,-0.048172550618646226
death_rate,1784,-0.10828842704308322
death_rate,1785,-0.057810475788630356
death_rate,1786,-0.03485119107474932
death_rate,1787,0.036633125672213884
death_rate,1788,-0.055304716802135834
death_rate,1789,-0.06962496569772447
death_rate,1790,0.002962989497808821
death_rate,1791,-0.0448171916714013
death_rate,1792,-0.12916458242143125
death_rate,1793,-0.0030313896043567823
death_rate,1794,-0.002751037660396083
death_rate,1795,-0.03525004791929465
death_rate,1796,-0.07912865279665712
death_rate,1797,-0.05179417427118693
death_rate,1798,-0.09828574150704517
death_rate,1799,-0.16843439356545242
death_rate,1800,0.008545807491929291
death_rate,1801,-0.011501125047252925
death_rate,1802,-0.012723509899283614
death_rate,1803,-0.06605651019712783
death_rate,1804,-0.008897623141300048
death_rate,1805,0.01071580947692835
death_rate,1806,-0.017684050672464424
death_rate,1807,-0.08081149772358553
death_rate,1808,-0.10413672854135858
death_rate,1809,-0.02718869885404962
death_rate,1810,0.02658891946078845
death_rate,1811,-0.052217897823682025
death_rate,1812,-0.02374124569921421
death_rate,1813,0.016915858346458146
death_rate,1814,-0.045500138663366885
death_rate,1815,-0.10984682968571385
death_rate,1816,0.0415539497883165
death_rate,1817,-0.01775556048548682
death_rate,1818,0.025545000584492494
death_rate,1819,-0.01804834641736841
death_rate,1820,-0.031688387065604395
death_rate,1821,0.022945812136016874
death_rate,1822,-0.03886351647940431
death_rate,1823,-0.03878098566065852
death_rate,1824,-0.10753612799252932
death_rate,1825,-0.05497019164320671
death_rate,1826,-0.09044814726590977
death_rate,1827,0.00798808926485628
death_rate,1828,0.0328431681027512
death_rate,1829,-0.04892257523184129
death_rate,1830,-0.06149513215696978
death_rate,1831,-0.09658348976467535
death_rate,1832,-0.07931831738561862
death_rate,1833,0.00013756408628717853
death_rate,1834,-0.0140663049258552
death_rate,1835,-0.02043769485885802
death_rate,1836,-0.03143781896712178
death_rate,1837,0.012798741678941128
death_rate,1838,-0.10395568116239962
death_rate,1839,-0.09200085326680751
death_rate,1840,-0.08051941687621317
death_rate,1841,-0.14590679659521832
death_rate,1842,-0.09703607476703707
death_rate,1843,-0.09715337041524785
death_rate,1844,-0.05535692630146194
death_rate,1845,-0.05046309935767096
death_rate,1846,-0.050524809543711385
death_rate,1847,0.002706727485484006
death_rate,1848,-0.01684959688881671
death_rate,1849,0.013363095564700389
death_rate,1850,-0.03263300564894722
death_rate,1851,-0.09457817503661647
death_rate,1852,-0.017808737768852334
death_rate,1853,-0.05675861358475731
death_rate,1854,-0.13224036706876452
death_rate,1855,-0.06610624587184188
death_rate,1856,-0.04481748813971331
death_rate,1857,-0.0375168019922798
death_rate,1858,-0.008749906564535281
death_rate,1859,-0.012050119240249013
death_rate,1860,-0.02704322923160829
death_rate,1861,-0.06938014615466392
death_rate,1862,-0.009971614851742583
death_rate,1863,-0.05459483366898807
death_rate,1864,0.033798142661872754
death_rate,1865,0.0038774217217578677
death_rate,1866,-0.08632774779796848
death_rate,1867,0.007807939228417826
death_rate,1868,-0.055912759014786206
death_rate,1869,-0.04236938273426183
death_rate,1870,-0.06917289085938871
death_rate,1871,-0.0575800571477285
death_rate,1872,-0.01291527602693604
death_rate,1873,-0.11646030162339593
death_rate,1874,-0.030501382435400598
death_rate,1875,0.031605587121941836
death_rate,1876,-0.025209708047361334
death_rate,1877,-0.0380026911256135
death_rate,1878,-0.017389722619739367
death_rate,1879,0.016921892466274735
death_rate,1880,-0.007752152016129665
death_rate,1881,-0.09245180371223449
death_rate,1882,0.0361262422346027
death_rate,1883,-0.03409383790766923
death_rate,1884,0.019334571920541888
death_rate,1885,0.010117372939565494
death_rate,1886,-0.020243747223881448
death_rate,1887,-0.06589073527776723
death_rate,1888,-0.05835402193411199
death_rate,1889,0.02474430389851201
death_rate,1890,-0.06762030546486919
death_rate,1891,-0.05022550626637641
death_rate,1892,-0.1366462704731327
death_rate,1893,-0.06287108159123375
death_rate,1894,-0.10946596810851883
death_rate,1895,-0.026047601278361476
death_rate,1896,-0.048174935160377186
death_rate,1897,-0.042377514484990386
death_rate,1898,0.06542885969860857
death_rate,1899,-0.09895890157450271
death_rate,1900,-0.0297590196351043
death_rate,1901,-0.022589916812140343
death_rate,1902,0.027258415100759992
death_rate,1903,-0.11644467522007344
death_rate,1904,-0.0698815334289421
death_rate,1905,-0.12342462081409344
death_rate,1906,-0.11083538358174516
death_rate,1907,-0.06758726655959757
death_rate,1908,0.007950023643255144
death_rate,1909,-0.06893914258537737
death_rate,1910,-0.028257200586937425
death_rate,1911,-0.09660682357489986
death_rate,1912,-0.021622319398210188
death_rate,1913,-0.06591785244890486
death_rate,1914,0.005063304479222985
death_rate,1915,0.07947490977539534
death_rate,1916,-0.09720797947205895
death_rate,1917,-0.001856209416897514
death_rate,1918,0.03748650029387646
death_rate,1919,-0.05997375797981036
death_rate,1920,-0.021075425277764598
death_rate,1921,-0.00623114270676195
death_rate,1922,-0.04001090968797208
death_rate,1923,-0.08658637423257737
death_rate,1924,-0.06512819679729823
death_rate,1925,-0.07222817428225647
death_rate,1926,0.03934831914288206
death_rate,1927,-0.10505642460854914
death_rate,1928,-0.031758090661906685
death_rate,1929,-0.03951536975660974
death_rate,1930,0.028043306137862378
death_rate,1931,0.008400400881087955
death_rate,1932,-0.11255596324133577
death_rate,1933,-0.09363119729398894
death_rate,1934,-0.023289562944212472
death_rate,1935,-0.0622009609740366
death_rate,1936,0.03958304491425088
death_rate,1937,-0.04269391679749601
death_rate,1938,-0.08886611578336479
death_rate,1939,0.024306841563875983
death_rate,1940,0.012397421019431143
death_rate,1941,-0.10946552568939794
death_rate,1942,-0.04475675725833861
death_rate,1943,-0.1364976955663162
death_rate,1944,-0.08539152649006021
death_rate,1945,-0.04760120443728155
death_rate,1946,-0.02234983373082222
death_rate,1947,-0.04878384415482623
death_rate,1948,-0.06291541731838501
death_rate,1949,-0.02777428153357575
death_rate,1950,-0.04971180400063421
death_rate,1951,-0.01735658582915789
death_rate,1952,0.009499423588755884
death_rate,1953,0.00012165368975886048
death_rate,1954,-0.04434571204989646
death_rate,1955,-0.04324966609119657
death_rate,1956,-0.12304606413442254
death_rate,1957,-0.010890509864140419
death_rate,1958,-0.042946339640856646
death_rate,1959,-0.045448069781362954
death_rate,1960,0.013483005075594634
death_rate,1961,0.009326363123601134
death_rate,1962,-0.01886419096604597
death_rate,1963,0.06900819414339199
death_rate,1964,-0.05421478852588202
death_rate,1965,-0.10060791995031648
death_rate,1966,0.05686896058511226
death_rate,1967,-0.02824144630413508
death_rate,1968,-0.05763683564261457
death_rate,1969,-0.13748749001053695
death_rate,1970,-0.09078559375459105
death_rate,1971,-0.0721692679826954
death_rate,1972,-0.11718326014880281
death_rate,1973,-0.05896052911055771
death_rate,1974,-0.055440759623937685
death_rate,1975,-0.03145629487975632
death_rate,1976,-0.011331416928290872
death_rate,1977,-0.04105107995034801
death_rate,1978,-0.018661709349968247
death_rate,1979,-0.019767371121141297
death_rate,1980,-0.07459317501417471
death_rate,1981,-0.06273947603828867
death_rate,1982,-0.08295987382524214
death_rate,1983,-0.08320888647300428
death_rate,1984,-0.10600836136528802
death_rate,1985,-0.013129498377240756
death_rate,1986,-0.03859792446223165
death_rate,1987,-0.0430736082320784
death_rate,1988,-0.04230091302302452
death_rate,1989,-0.05409855425713639
death_rate,1990,-0.03961587115042853
death_rate,1991,-0.04515782673681196
death_rate,1992,-0.043220541559928605
death_rate,1993,0.03153267860271641
death_rate,1994,-0.06666736089640868
death_rate,1995,0.014474342017756492
death_rate,1996,-0.033899984827278296
death_rate,1997,0.010751504619898933
death_rate,1998,-0.07733685930240575
death_rate,1999,-0.04326797040653363
